<?xml version="1.0" encoding="ISO-8859-1" ?>
<?xml-stylesheet type="text/xsl" href="drcss.xsl"?>
<drcreport>
  <header>DESIGN_FIRMWARE</header>
  <drc>
    <status>C:\Microsemi\Libero_v11.1\Designer/data/drcreport\error.png</status>
    <StatusMessage>Error</StatusMessage>
    <message>Missing Core Definition</message>
    <detail>Core 'Actel:Firmware:MSS_Ethernet_MAC_Driver:2.0.103 ' is missing from the vault.</detail>
    <crossprobe>liberoaction://cross_probe/smartdesign/DESIGN_FIRMWARE/instances/MSS_Ethernet_MAC_Driver_0</crossprobe>
  </drc>
  <drc>
    <status>C:\Microsemi\Libero_v11.1\Designer/data/drcreport\error.png</status>
    <StatusMessage>Error</StatusMessage>
    <message>Missing Core Definition</message>
    <detail>Core 'Actel:Firmware:MSS_Watchdog_Driver:2.0.107 ' is missing from the vault.</detail>
    <crossprobe>liberoaction://cross_probe/smartdesign/DESIGN_FIRMWARE/instances/MSS_Watchdog_Driver_0</crossprobe>
  </drc>
</drcreport>
