<?xml version="1.0" encoding="utf-8"?> 
<!-- 
  Synopsys, Inc.
  Version H-2013.03M-SP1-1 
  Project file C:\Users\brghena\workspace\SensEye-2\software\smartfusion\synthesis\syntmp\run_option.xml
  Written on Sun Feb 02 15:02:02 2014


--> 
<project_attribute_list name="Project Settings"> 
     <option name="project_name" display_name="Project Name">TOPLEVEL_syn</option>
     <option name="impl_name" display_name="Implementation Name">synthesis</option>
     <option name="top_module" display_name="Top Module">TOPLEVEL</option>
     <option name="retiming" display_name="Retiming">0</option>
     <option name="resource_sharing" display_name="Resource Sharing">1</option>
     <option name="maxfan" display_name="Fanout Guide">3000</option>
     <option name="disable_io_insertion" display_name="Disable I/O Insertion">0</option>
     <option name="symbolic_fsm_compiler" display_name="FSM Compiler">1</option>
</project_attribute_list>

