<?xml version="1.0" encoding="UTF-8" standalone="no" ?><toolSetting xmlns="http://actel.com/sweng/afi" component="MSS_LPXTLOSC" xmlns:actel-cc="http://www.actel.com/XMLSchema/CoreConsole" xmlns:spirit="http://www.spiritconsortium.org/XMLSchema/SPIRIT/1.1"><device VendorTechnology_Die="IP6X5M2" VendorTechnology_DieVoltage="" VendorTechnology_Family="SmartFusion" VendorTechnology_Package="fg484" VendorTechnology_Speed=""><advancedoptions/></device><tool Constraint_Default="true" Simulation_Default="true" Source_Default="true" Stimulus_Default="true" internal_name="VIEWDRAWCONFIGURATOR" library="Tool" name="ViewDraw" state="0" vendor="Actel" version="1.0.100"><configuration/><input_files/><output_files/><report_files/></tool><tool Constraint_Default="true" Simulation_Default="true" Source_Default="true" Stimulus_Default="true" internal_name="SYSTEMBUILDER" library="Tool" name="SysBuilder" state="0" vendor="Actel" version="1.0.100"><configuration/><input_files/><output_files/><report_files/></tool><tool Constraint_Default="true" Simulation_Default="true" Source_Default="true" Stimulus_Default="true" internal_name="SYNTHESIZE_PS" library="Tool" name="Precision" state="0" vendor="Mentor" version="1.0.100"><configuration/><input_files/><output_files/><report_files/></tool><tool Constraint_Default="true" Simulation_Default="true" Source_Default="false" Stimulus_Default="true" internal_name="SYNTHESIZE" library="Tool" name="Synthesize" state="0" vendor="Synopsis" version="1.0.101"><configuration><spirit:hwParameter spirit:name="LANGUAGE_SYSTEM_VLOG">false</spirit:hwParameter><spirit:hwParameter spirit:name="LANGUAGE_VERILOG_2001">true</spirit:hwParameter><spirit:hwParameter spirit:name="LANGUAGE_VHDL_2008">false</spirit:hwParameter></configuration><input_files/><output_files/><report_files/></tool><tool Constraint_Default="true" Simulation_Default="true" Source_Default="true" Stimulus_Default="true" internal_name="SOFTWAREIDE" library="Tool" name="SoftwareIDE" state="0" vendor="Actel" version="1.0.100"><configuration/><input_files/><output_files/><report_files/></tool><tool Constraint_Default="true" Simulation_Default="true" Source_Default="true" Stimulus_Default="true" internal_name="SMARTDESIGNCONFIGURATOR" library="Tool" name="SmartDesign" state="0" vendor="Actel" version="1.0.100"><configuration/><input_files/><output_files/><report_files/></tool><tool Constraint_Default="true" Simulation_Default="false" Source_Default="true" Stimulus_Default="false" internal_name="SIM_PRESYNTH" library="Tool" name="RTLSimulation" state="0" vendor="Actel" version="1.0.100"><configuration/><input_files/><output_files/><report_files/></tool><tool Constraint_Default="true" Simulation_Default="false" Source_Default="true" Stimulus_Default="false" internal_name="SIM_POSTSYNTH" library="Tool" name="PostSynthesisSimulation" state="0" vendor="Actel" version="1.0.100"><configuration/><input_files/><output_files/><report_files/></tool><tool Constraint_Default="true" Simulation_Default="true" Source_Default="true" Stimulus_Default="true" internal_name="SDTB" library="Tool" name="SDTB" state="0" vendor="Actel" version="1.0.100"><configuration/><input_files/><output_files/><report_files/></tool><tool Constraint_Default="true" Simulation_Default="true" Source_Default="true" Stimulus_Default="true" internal_name="MSSCONFIGURATOR" library="Tool" name="MSS" state="0" vendor="Actel" version="1.0.100"><configuration/><input_files/><output_files/><report_files/></tool><tool Constraint_Default="true" Simulation_Default="true" Source_Default="true" Stimulus_Default="true" internal_name="HDLTB" library="Tool" name="HDLTB" state="0" vendor="Actel" version="1.0.100"><configuration/><input_files/><output_files/><report_files/></tool><tool Constraint_Default="true" Simulation_Default="true" Source_Default="true" Stimulus_Default="true" internal_name="HDLEDITOR" library="Tool" name="HDL" state="0" vendor="Actel" version="1.0.100"><configuration/><input_files/><output_files/><report_files/></tool><tool Constraint_Default="true" Simulation_Default="true" Source_Default="true" Stimulus_Default="true" internal_name="FIRMWARECONFIGURATOR" library="Tool" name="FirmwareView" state="0" vendor="Actel" version="1.0.100"><configuration/><input_files/><output_files/><report_files/></tool><tool Constraint_Default="true" Simulation_Default="true" Source_Default="true" Stimulus_Default="true" internal_name="EDITTIMING_PRESYNTH" library="Tool" name="TimingConstraints" state="0" vendor="Actel" version="1.0.100"><configuration/><input_files/><output_files/><report_files/></tool><tool Constraint_Default="true" Simulation_Default="true" Source_Default="true" Stimulus_Default="true" internal_name="EDITIO_PRESYNTH" library="Tool" name="IOEditor" state="0" vendor="Actel" version="1.0.100"><configuration/><input_files/><output_files/><report_files/></tool><tool Constraint_Default="false" Simulation_Default="true" Source_Default="true" Stimulus_Default="true" internal_name="COMPILE" library="Tool" name="Compile" state="0" vendor="Actel" version="1.0.100"><configuration><spirit:hwParameter spirit:name="MERGEPDC">false</spirit:hwParameter><spirit:hwParameter spirit:name="MERGESDC">true</spirit:hwParameter></configuration><input_files/><output_files/><report_files/></tool><tool Constraint_Default="true" Simulation_Default="true" Source_Default="true" Stimulus_Default="true" internal_name="PLACEROUTE" library="Tool" name="Layout" state="0" vendor="Actel" version="1.0.100"><configuration><spirit:hwParameter spirit:name="INCRPLACEANDROUTE">false</spirit:hwParameter><spirit:hwParameter spirit:name="TDPR">true</spirit:hwParameter></configuration><input_files/><output_files/><report_files/></tool><tool Constraint_Default="true" Simulation_Default="true" Source_Default="true" Stimulus_Default="true" internal_name="EXPORTSDF" library="Tool" name="BackAnnotation" state="0" vendor="Actel" version="1.0.100"><configuration/><input_files/><output_files/><report_files/></tool><tool Constraint_Default="true" Simulation_Default="false" Source_Default="true" Stimulus_Default="false" internal_name="SIM_POSTLAYOUT" library="Tool" name="BackAnnotatedSimulation" state="0" vendor="Actel" version="1.0.100"><configuration/><input_files/><output_files/><report_files/></tool><tool Constraint_Default="true" Simulation_Default="true" Source_Default="true" Stimulus_Default="true" internal_name="EXPORTIBIS" library="Tool" name="ExportIBIS" state="0" vendor="Actel" version="1.0.100"><configuration/><input_files/><output_files/><report_files/></tool><tool Constraint_Default="true" Simulation_Default="true" Source_Default="true" Stimulus_Default="true" internal_name="EXPORTPIN" library="Tool" name="ExportPin" state="0" vendor="Actel" version="1.0.100"><configuration><spirit:hwParameter spirit:name="PINRPT_BY_NAME">true</spirit:hwParameter><spirit:hwParameter spirit:name="PINRPT_BY_NUMBER">true</spirit:hwParameter></configuration><input_files/><output_files/><report_files/></tool><tool Constraint_Default="true" Simulation_Default="true" Source_Default="true" Stimulus_Default="true" internal_name="VERIFYPOWER" library="Tool" name="AnalyzePower" state="0" vendor="Actel" version="1.0.100"><configuration/><input_files/><output_files/><report_files/></tool><tool Constraint_Default="true" Simulation_Default="true" Source_Default="true" Stimulus_Default="true" internal_name="VERIFYTIMING" library="Tool" name="AnalyzeTiming" state="0" vendor="Actel" version="1.0.100"><configuration/><input_files/><output_files/><report_files/></tool><tool Constraint_Default="true" Simulation_Default="true" Source_Default="true" Stimulus_Default="true" internal_name="PUBLISHBLOCK" library="Tool" name="PublishDesignerBlock" state="0" vendor="Actel" version="1.0.100"><configuration><spirit:hwParameter spirit:name="LANGUAGE">verilog</spirit:hwParameter><spirit:hwParameter spirit:name="PLACEMENT">true</spirit:hwParameter><spirit:hwParameter spirit:name="REGION">true</spirit:hwParameter><spirit:hwParameter spirit:name="ROUTING">true</spirit:hwParameter></configuration><input_files/><output_files/><report_files/></tool><tool Constraint_Default="true" Simulation_Default="true" Source_Default="true" Stimulus_Default="true" internal_name="GENERATEPROGRAMMINGDATA" library="Tool" name="ProgrammingData" state="0" vendor="Actel" version="1.0.100"><configuration/><input_files/><output_files/><report_files/></tool><tool Constraint_Default="true" Simulation_Default="true" Source_Default="true" Stimulus_Default="true" internal_name="EXPORTPROGRAMMINGFILE" library="Tool" name="ExportProgrammingFile" state="0" vendor="Actel" version="1.0.100"><configuration/><input_files/><output_files/><report_files/></tool><tool Constraint_Default="true" Simulation_Default="true" Source_Default="true" Stimulus_Default="true" internal_name="PROGRAMDEVICE" library="Tool" name="ProgramDevice" state="0" vendor="Actel" version="1.0.100"><configuration/><input_files/><output_files/><report_files/></tool><tool Constraint_Default="true" Simulation_Default="true" Source_Default="true" Stimulus_Default="true" internal_name="INSTRUMENTDESIGN" library="Tool" name="InstrumentDesign" state="0" vendor="Actel" version="1.0.100"><configuration/><input_files/><output_files/><report_files/></tool><tool Constraint_Default="true" Simulation_Default="true" Source_Default="true" Stimulus_Default="true" internal_name="EDITFLOORPLAN_POSTCOMPILE" library="Tool" name="FloorPlan" state="0" vendor="Actel" version="1.0.100"><configuration/><input_files/><output_files/><report_files/></tool><tool Constraint_Default="true" Simulation_Default="true" Source_Default="true" Stimulus_Default="true" internal_name="EDITTIMING_POSTCOMPILE" library="Tool" name="TimingConstraints" state="0" vendor="Actel" version="1.0.100"><configuration/><input_files/><output_files/><report_files/></tool><tool Constraint_Default="true" Simulation_Default="true" Source_Default="true" Stimulus_Default="true" internal_name="EDITIO_POSTCOMPILE" library="Tool" name="MVNIOEditor" state="0" vendor="Actel" version="1.0.100"><configuration/><input_files/><output_files/><report_files/></tool></toolSetting>