<?xml version="1.0" encoding="UTF-8" standalone="no" ?><toolSetting xmlns="http://actel.com/sweng/afi" component="TOPLEVEL" xmlns:actel-cc="http://www.actel.com/XMLSchema/CoreConsole" xmlns:spirit="http://www.spiritconsortium.org/XMLSchema/SPIRIT/1.1"><device VendorTechnology_Die="IP6X5M2" VendorTechnology_DieVoltage="" VendorTechnology_Family="SmartFusion" VendorTechnology_Package="fg484" VendorTechnology_Speed=""><advancedoptions RESTRICTPROBEPINS="1"/></device><tool Constraint_Default="true" Simulation_Default="true" Source_Default="true" Stimulus_Default="true" internal_name="VIEWDRAWCONFIGURATOR" library="Tool" name="ViewDraw" state="0" vendor="Actel" version="1.0.100"><configuration/><input_files/><output_files/><report_files/></tool><tool Constraint_Default="true" Simulation_Default="true" Source_Default="true" Stimulus_Default="true" internal_name="SYSTEMBUILDER" library="Tool" name="SysBuilder" state="0" vendor="Actel" version="1.0.100"><configuration/><input_files/><output_files/><report_files/></tool><tool Constraint_Default="true" Simulation_Default="true" Source_Default="true" Stimulus_Default="true" internal_name="SYNTHESIZE_PS" library="Tool" name="Precision" state="0" vendor="Mentor" version="1.0.100"><configuration/><input_files/><output_files/><report_files/></tool><tool Constraint_Default="true" Simulation_Default="true" Source_Default="false" Stimulus_Default="true" internal_name="SYNTHESIZE" library="Tool" name="Synthesize" state="6" vendor="Synopsys" version="1.0.102"><configuration><spirit:hwParameter spirit:name="LANGUAGE_SYSTEM_VLOG">false</spirit:hwParameter><spirit:hwParameter spirit:name="LANGUAGE_VERILOG_2001">true</spirit:hwParameter><spirit:hwParameter spirit:name="LANGUAGE_VHDL_2008">false</spirit:hwParameter></configuration><input_files><file><path>component\work\MSS_CORE3_MSS\MSS_CCC_0\MSS_CORE3_MSS_tmp_MSS_CCC_0_MSS_CCC.v</path><type>HDL</type><fileset>HDL_FILESET</fileset><local>true</local><used>true</used><selectable>true</selectable><timestamp>1391371296</timestamp><used_for_compile>false</used_for_compile><used_for_synthesis>false</used_for_synthesis></file><file><path>component\work\MSS_CORE3_MSS\MSS_CORE3_MSS.v</path><type>HDL</type><fileset>HDL_FILESET</fileset><local>true</local><used>true</used><selectable>true</selectable><timestamp>1391371299</timestamp><used_for_compile>false</used_for_compile><used_for_synthesis>false</used_for_synthesis></file><file><path>component\work\MSS_CORE3_MSS\mss_tshell.v</path><type>HDL</type><fileset>HDL_FILESET</fileset><local>true</local><used>true</used><selectable>true</selectable><timestamp>1391371298</timestamp><used_for_compile>false</used_for_compile><used_for_synthesis>false</used_for_synthesis></file><file><path>hdl\adc_controller.v</path><type>HDL</type><fileset>HDL_FILESET</fileset><local>true</local><used>true</used><selectable>true</selectable><timestamp>1391120140</timestamp><used_for_compile>false</used_for_compile><used_for_synthesis>false</used_for_synthesis></file><file><path>hdl\ahb.v</path><type>HDL</type><fileset>HDL_FILESET</fileset><local>true</local><used>true</used><selectable>true</selectable><timestamp>1391120140</timestamp><used_for_compile>false</used_for_compile><used_for_synthesis>false</used_for_synthesis></file><file><path>hdl\cr_int.v</path><type>HDL</type><fileset>HDL_FILESET</fileset><local>true</local><used>true</used><selectable>true</selectable><timestamp>1391120140</timestamp><used_for_compile>false</used_for_compile><used_for_synthesis>false</used_for_synthesis></file><file><path>hdl\fifo_pixel_data.v</path><type>HDL</type><fileset>HDL_FILESET</fileset><local>true</local><used>true</used><selectable>true</selectable><timestamp>1391120140</timestamp><used_for_compile>false</used_for_compile><used_for_synthesis>false</used_for_synthesis></file><file><path>hdl\framemask.v</path><type>HDL</type><fileset>HDL_FILESET</fileset><local>true</local><used>true</used><selectable>true</selectable><timestamp>1391120140</timestamp><used_for_compile>false</used_for_compile><used_for_synthesis>false</used_for_synthesis></file><file><path>hdl\heartbeat.v</path><type>HDL</type><fileset>HDL_FILESET</fileset><local>true</local><used>true</used><selectable>true</selectable><timestamp>1391120140</timestamp><used_for_compile>false</used_for_compile><used_for_synthesis>false</used_for_synthesis></file><file><path>hdl\imager.v</path><type>HDL</type><fileset>HDL_FILESET</fileset><local>true</local><used>true</used><selectable>true</selectable><timestamp>1391120140</timestamp><used_for_compile>false</used_for_compile><used_for_synthesis>false</used_for_synthesis></file><file><path>hdl\imager_apb_interface.v</path><type>HDL</type><fileset>HDL_FILESET</fileset><local>true</local><used>true</used><selectable>true</selectable><timestamp>1391120140</timestamp><used_for_compile>false</used_for_compile><used_for_synthesis>false</used_for_synthesis></file><file><path>hdl\psram_cr.v</path><type>HDL</type><fileset>HDL_FILESET</fileset><local>true</local><used>true</used><selectable>true</selectable><timestamp>1391120140</timestamp><used_for_compile>false</used_for_compile><used_for_synthesis>false</used_for_synthesis></file><file><path>hdl\stonyman_controller.v</path><type>HDL</type><fileset>HDL_FILESET</fileset><local>true</local><used>true</used><selectable>true</selectable><timestamp>1391120140</timestamp><used_for_compile>false</used_for_compile><used_for_synthesis>false</used_for_synthesis></file><file><path>component\work\MSS_CORE3_MSS\mss_tshell_syn.sdc</path><type>SDC_ROOT</type><fileset>OTHER_SYNTHESIS_FILESET</fileset><local>true</local><used>true</used><selectable>true</selectable><timestamp>1391371298</timestamp><used_for_compile>false</used_for_compile><used_for_synthesis>false</used_for_synthesis></file><file><path>synthesis\TOPLEVEL_sdc.sdc</path><type>SDC_ROOT</type><fileset>OTHER_SYNTHESIS_FILESET</fileset><local>true</local><used>false</used><selectable>true</selectable><timestamp>1391371393</timestamp><used_for_compile>false</used_for_compile><used_for_synthesis>false</used_for_synthesis></file></input_files><output_files><file><path>synthesis\TOPLEVEL.edn</path><type>EDN</type><fileset>HDL_FILESET</fileset><local>true</local><used>false</used><selectable>true</selectable><timestamp>1391371393</timestamp><used_for_compile>false</used_for_compile><used_for_synthesis>false</used_for_synthesis></file></output_files><report_files><file><path>synthesis\synplify.log</path><type>LOG</type><fileset>OTHER_FILESET</fileset><local>true</local><used>false</used><selectable>true</selectable><timestamp>0</timestamp><used_for_compile>false</used_for_compile><used_for_synthesis>false</used_for_synthesis></file><file><path>synthesis\TOPLEVEL.srr</path><type>LOG</type><fileset>OTHER_FILESET</fileset><local>true</local><used>false</used><selectable>true</selectable><timestamp>0</timestamp><used_for_compile>false</used_for_compile><used_for_synthesis>false</used_for_synthesis></file><file><path>synthesis\TOPLEVEL.areasrr</path><type>LOG</type><fileset>OTHER_FILESET</fileset><local>true</local><used>false</used><selectable>true</selectable><timestamp>0</timestamp><used_for_compile>false</used_for_compile><used_for_synthesis>false</used_for_synthesis></file><file><path>synthesis\run_options.txt</path><type>LOG</type><fileset>OTHER_FILESET</fileset><local>true</local><used>false</used><selectable>true</selectable><timestamp>0</timestamp><used_for_compile>false</used_for_compile><used_for_synthesis>false</used_for_synthesis></file></report_files></tool><tool Constraint_Default="true" Simulation_Default="true" Source_Default="true" Stimulus_Default="true" internal_name="SOFTWAREIDE" library="Tool" name="SoftwareIDE" state="0" vendor="Actel" version="1.0.100"><configuration/><input_files/><output_files/><report_files/></tool><tool Constraint_Default="true" Simulation_Default="true" Source_Default="true" Stimulus_Default="true" internal_name="SMARTDESIGNCONFIGURATOR" library="Tool" name="SmartDesign" state="0" vendor="Actel" version="1.0.100"><configuration/><input_files/><output_files/><report_files/></tool><tool Constraint_Default="true" Simulation_Default="false" Source_Default="true" Stimulus_Default="false" internal_name="SIM_PRESYNTH" library="Tool" name="RTLSimulation" state="0" vendor="Actel" version="1.0.100"><configuration/><input_files><file><path>component\Actel\DirectCore\CoreAHBLite\3.1.102\rtl\vlog\core_obfuscated\coreahblite.v</path><type>HDL</type><fileset>HDL_FILESET</fileset><local>true</local><used>true</used><selectable>true</selectable><timestamp>1360717848</timestamp><used_for_compile>false</used_for_compile><used_for_synthesis>false</used_for_synthesis></file><file><path>component\Actel\DirectCore\CoreAHBLite\3.1.102\rtl\vlog\core_obfuscated\coreahblite_addrdec.v</path><type>HDL</type><fileset>HDL_FILESET</fileset><local>true</local><used>true</used><selectable>true</selectable><timestamp>1360717847</timestamp><used_for_compile>false</used_for_compile><used_for_synthesis>false</used_for_synthesis></file><file><path>component\Actel\DirectCore\CoreAHBLite\3.1.102\rtl\vlog\core_obfuscated\coreahblite_defaultslavesm.v</path><type>HDL</type><fileset>HDL_FILESET</fileset><local>true</local><used>true</used><selectable>true</selectable><timestamp>1360717848</timestamp><used_for_compile>false</used_for_compile><used_for_synthesis>false</used_for_synthesis></file><file><path>component\Actel\DirectCore\CoreAHBLite\3.1.102\rtl\vlog\core_obfuscated\coreahblite_initcfg.v</path><type>HDL</type><fileset>HDL_FILESET</fileset><local>true</local><used>true</used><selectable>true</selectable><timestamp>1360717848</timestamp><used_for_compile>false</used_for_compile><used_for_synthesis>false</used_for_synthesis></file><file><path>component\Actel\DirectCore\CoreAHBLite\3.1.102\rtl\vlog\core_obfuscated\coreahblite_initcfg_awrap.v</path><type>HDL</type><fileset>HDL_FILESET</fileset><local>true</local><used>true</used><selectable>true</selectable><timestamp>1360717848</timestamp><used_for_compile>true</used_for_compile><used_for_synthesis>false</used_for_synthesis></file><file><path>component\Actel\DirectCore\CoreAHBLite\3.1.102\rtl\vlog\core_obfuscated\coreahblite_masterstage.v</path><type>HDL</type><fileset>HDL_FILESET</fileset><local>true</local><used>true</used><selectable>true</selectable><timestamp>1360717848</timestamp><used_for_compile>false</used_for_compile><used_for_synthesis>false</used_for_synthesis></file><file><path>component\Actel\DirectCore\CoreAHBLite\3.1.102\rtl\vlog\core_obfuscated\coreahblite_matrix2x16.v</path><type>HDL</type><fileset>HDL_FILESET</fileset><local>true</local><used>true</used><selectable>true</selectable><timestamp>1360717848</timestamp><used_for_compile>false</used_for_compile><used_for_synthesis>false</used_for_synthesis></file><file><path>component\Actel\DirectCore\CoreAHBLite\3.1.102\rtl\vlog\core_obfuscated\coreahblite_slavearbiter.v</path><type>HDL</type><fileset>HDL_FILESET</fileset><local>true</local><used>true</used><selectable>true</selectable><timestamp>1360717848</timestamp><used_for_compile>false</used_for_compile><used_for_synthesis>false</used_for_synthesis></file><file><path>component\Actel\DirectCore\CoreAHBLite\3.1.102\rtl\vlog\core_obfuscated\coreahblite_slavestage.v</path><type>HDL</type><fileset>HDL_FILESET</fileset><local>true</local><used>true</used><selectable>true</selectable><timestamp>1360717848</timestamp><used_for_compile>false</used_for_compile><used_for_synthesis>false</used_for_synthesis></file><file><path>component\Actel\DirectCore\COREAHBTOAPB3\2.0.116\rtl\vlog\core_obfuscated\ahbtoapbsm.v</path><type>HDL</type><fileset>HDL_FILESET</fileset><local>true</local><used>true</used><selectable>true</selectable><timestamp>1362542013</timestamp><used_for_compile>true</used_for_compile><used_for_synthesis>false</used_for_synthesis></file><file><path>component\Actel\DirectCore\COREAHBTOAPB3\2.0.116\rtl\vlog\core_obfuscated\apbaddrdata.v</path><type>HDL</type><fileset>HDL_FILESET</fileset><local>true</local><used>true</used><selectable>true</selectable><timestamp>1362542013</timestamp><used_for_compile>false</used_for_compile><used_for_synthesis>false</used_for_synthesis></file><file><path>component\Actel\DirectCore\COREAHBTOAPB3\2.0.116\rtl\vlog\core_obfuscated\coreahbtoapb3.v</path><type>HDL</type><fileset>HDL_FILESET</fileset><local>true</local><used>true</used><selectable>true</selectable><timestamp>1362542013</timestamp><used_for_compile>false</used_for_compile><used_for_synthesis>false</used_for_synthesis></file><file><path>component\Actel\DirectCore\COREAHBTOAPB3\2.0.116\rtl\vlog\core_obfuscated\penablescheduler.v</path><type>HDL</type><fileset>HDL_FILESET</fileset><local>true</local><used>true</used><selectable>true</selectable><timestamp>1362542013</timestamp><used_for_compile>false</used_for_compile><used_for_synthesis>false</used_for_synthesis></file><file><path>component\Actel\DirectCore\CoreAPB3\3.0.103\rtl\vlog\core_obfuscated\coreapb3.v</path><type>HDL</type><fileset>HDL_FILESET</fileset><local>true</local><used>true</used><selectable>true</selectable><timestamp>1360743577</timestamp><used_for_compile>false</used_for_compile><used_for_synthesis>false</used_for_synthesis></file><file><path>component\Actel\DirectCore\CoreAPB3\3.0.103\rtl\vlog\core_obfuscated\coreapb3_muxptob3.v</path><type>HDL</type><fileset>HDL_FILESET</fileset><local>true</local><used>true</used><selectable>true</selectable><timestamp>1360743577</timestamp><used_for_compile>true</used_for_compile><used_for_synthesis>false</used_for_synthesis></file><file><path>component\Actel\SmartFusionMSS\MSS\2.5.106\mss_comps.v</path><type>HDL</type><fileset>HDL_FILESET</fileset><local>true</local><used>false</used><selectable>true</selectable><timestamp>1357940463</timestamp><used_for_compile>false</used_for_compile><used_for_synthesis>false</used_for_synthesis></file><file><path>component\work\imaging\imaging.v</path><type>HDL</type><fileset>HDL_FILESET</fileset><local>true</local><used>true</used><selectable>true</selectable><timestamp>1372095161</timestamp><used_for_compile>false</used_for_compile><used_for_synthesis>false</used_for_synthesis></file><file><path>component\work\MSS_CORE2\MSS_CCC_0\MSS_CORE2_tmp_MSS_CCC_0_MSS_CCC.v</path><type>HDL</type><fileset>HDL_FILESET</fileset><local>true</local><used>true</used><selectable>true</selectable><timestamp>1361948007</timestamp><used_for_compile>false</used_for_compile><used_for_synthesis>false</used_for_synthesis></file><file><path>component\work\MSS_CORE2\MSS_CORE2.v</path><type>HDL</type><fileset>HDL_FILESET</fileset><local>true</local><used>true</used><selectable>true</selectable><timestamp>1361948025</timestamp><used_for_compile>false</used_for_compile><used_for_synthesis>false</used_for_synthesis></file><file><path>component\work\MSS_CORE2\mss_tshell.v</path><type>HDL</type><fileset>HDL_FILESET</fileset><local>true</local><used>false</used><selectable>true</selectable><timestamp>1361948014</timestamp><used_for_compile>true</used_for_compile><used_for_synthesis>false</used_for_synthesis></file><file><path>component\work\TOPLEVEL\TOPLEVEL.v</path><type>HDL</type><fileset>HDL_FILESET</fileset><local>true</local><used>true</used><selectable>true</selectable><timestamp>1372095166</timestamp><used_for_compile>false</used_for_compile><used_for_synthesis>false</used_for_synthesis></file><file><path>hdl\adc081s101.v</path><type>HDL</type><fileset>HDL_FILESET</fileset><local>true</local><used>true</used><selectable>true</selectable><timestamp>1362534076</timestamp><used_for_compile>false</used_for_compile><used_for_synthesis>false</used_for_synthesis></file><file><path>hdl\ahb.v</path><type>HDL</type><fileset>HDL_FILESET</fileset><local>true</local><used>true</used><selectable>true</selectable><timestamp>1360612688</timestamp><used_for_compile>false</used_for_compile><used_for_synthesis>false</used_for_synthesis></file><file><path>hdl\apb.v</path><type>HDL</type><fileset>HDL_FILESET</fileset><local>true</local><used>false</used><selectable>true</selectable><timestamp>1360612688</timestamp><used_for_compile>false</used_for_compile><used_for_synthesis>false</used_for_synthesis></file><file><path>hdl\clkgenerator.v</path><type>HDL</type><fileset>HDL_FILESET</fileset><local>true</local><used>true</used><selectable>true</selectable><timestamp>1362534100</timestamp><used_for_compile>true</used_for_compile><used_for_synthesis>false</used_for_synthesis></file><file><path>hdl\counter.v</path><type>HDL</type><fileset>HDL_FILESET</fileset><local>true</local><used>false</used><selectable>true</selectable><timestamp>1362552921</timestamp><used_for_compile>false</used_for_compile><used_for_synthesis>false</used_for_synthesis></file><file><path>hdl\cr_int.v</path><type>HDL</type><fileset>HDL_FILESET</fileset><local>true</local><used>true</used><selectable>true</selectable><timestamp>1360612688</timestamp><used_for_compile>false</used_for_compile><used_for_synthesis>false</used_for_synthesis></file><file><path>hdl\fifo_32bit_apb3.v</path><type>HDL</type><fileset>HDL_FILESET</fileset><local>true</local><used>false</used><selectable>true</selectable><timestamp>1362564650</timestamp><used_for_compile>false</used_for_compile><used_for_synthesis>false</used_for_synthesis></file><file><path>hdl\fifo_8bit_apb3.v</path><type>HDL</type><fileset>HDL_FILESET</fileset><local>true</local><used>false</used><selectable>true</selectable><timestamp>1362535549</timestamp><used_for_compile>false</used_for_compile><used_for_synthesis>false</used_for_synthesis></file><file><path>hdl\inputConditioner.v</path><type>HDL</type><fileset>HDL_FILESET</fileset><local>true</local><used>false</used><selectable>true</selectable><timestamp>1362534039</timestamp><used_for_compile>true</used_for_compile><used_for_synthesis>false</used_for_synthesis></file><file><path>hdl\led.v</path><type>HDL</type><fileset>HDL_FILESET</fileset><local>true</local><used>false</used><selectable>true</selectable><timestamp>1360612688</timestamp><used_for_compile>false</used_for_compile><used_for_synthesis>false</used_for_synthesis></file><file><path>hdl\psram_cr.v</path><type>HDL</type><fileset>HDL_FILESET</fileset><local>true</local><used>true</used><selectable>true</selectable><timestamp>1360612688</timestamp><used_for_compile>false</used_for_compile><used_for_synthesis>false</used_for_synthesis></file><file><path>hdl\stonyman.v</path><type>HDL</type><fileset>HDL_FILESET</fileset><local>true</local><used>true</used><selectable>true</selectable><timestamp>1372793408</timestamp><used_for_compile>false</used_for_compile><used_for_synthesis>false</used_for_synthesis></file><file><path>hdl\stonyman_apb3.v</path><type>HDL</type><fileset>HDL_FILESET</fileset><local>true</local><used>true</used><selectable>true</selectable><timestamp>1371231518</timestamp><used_for_compile>false</used_for_compile><used_for_synthesis>false</used_for_synthesis></file><file><path>hdl\template_apb3.v</path><type>HDL</type><fileset>HDL_FILESET</fileset><local>true</local><used>false</used><selectable>true</selectable><timestamp>1362535563</timestamp><used_for_compile>true</used_for_compile><used_for_synthesis>false</used_for_synthesis></file><file><path>hdl\VersionROM.v</path><type>HDL</type><fileset>HDL_FILESET</fileset><local>true</local><used>false</used><selectable>true</selectable><timestamp>1360612688</timestamp><used_for_compile>false</used_for_compile><used_for_synthesis>false</used_for_synthesis></file><file><path>smartgen\FIFO_PIXEL\FIFO_PIXEL.v</path><type>HDL</type><fileset>HDL_FILESET</fileset><local>true</local><used>false</used><selectable>true</selectable><timestamp>1371140371</timestamp><used_for_compile>false</used_for_compile><used_for_synthesis>false</used_for_synthesis></file><file><path>smartgen\fifo_px\fifo_px.v</path><type>HDL</type><fileset>HDL_FILESET</fileset><local>true</local><used>true</used><selectable>true</selectable><timestamp>1371755642</timestamp><used_for_compile>false</used_for_compile><used_for_synthesis>false</used_for_synthesis></file><file><path>smartgen\FIFO_TEST_COUNTER\FIFO_TEST_COUNTER.v</path><type>HDL</type><fileset>HDL_FILESET</fileset><local>true</local><used>false</used><selectable>true</selectable><timestamp>1362513934</timestamp><used_for_compile>false</used_for_compile><used_for_synthesis>false</used_for_synthesis></file><file><path>component\Actel\DirectCore\CoreAHBLite\3.1.102\coreparameters.v</path><type>TB_HDL</type><fileset>STIMULUS_FILESET</fileset><local>true</local><used>false</used><selectable>true</selectable><timestamp>1372095163</timestamp><used_for_compile>true</used_for_compile><used_for_synthesis>false</used_for_synthesis></file><file><path>component\Actel\DirectCore\CoreAHBLite\3.1.102\rtl\vlog\test\user\testbench.v</path><type>TB_HDL</type><fileset>STIMULUS_FILESET</fileset><local>true</local><used>false</used><selectable>true</selectable><timestamp>1360717846</timestamp><used_for_compile>false</used_for_compile><used_for_synthesis>false</used_for_synthesis></file><file><path>component\Actel\DirectCore\COREAHBTOAPB3\2.0.116\coreparameters.v</path><type>TB_HDL</type><fileset>STIMULUS_FILESET</fileset><local>true</local><used>false</used><selectable>true</selectable><timestamp>1372095164</timestamp><used_for_compile>false</used_for_compile><used_for_synthesis>false</used_for_synthesis></file><file><path>component\Actel\DirectCore\COREAHBTOAPB3\2.0.116\rtl\vlog\test\amba_bfm\bfm_ahbl.v</path><type>TB_HDL</type><fileset>STIMULUS_FILESET</fileset><local>true</local><used>false</used><selectable>true</selectable><timestamp>1362542012</timestamp><used_for_compile>false</used_for_compile><used_for_synthesis>false</used_for_synthesis></file><file><path>component\Actel\DirectCore\COREAHBTOAPB3\2.0.116\rtl\vlog\test\amba_bfm\bfm_apbslave.v</path><type>TB_HDL</type><fileset>STIMULUS_FILESET</fileset><local>true</local><used>false</used><selectable>true</selectable><timestamp>1362542012</timestamp><used_for_compile>false</used_for_compile><used_for_synthesis>false</used_for_synthesis></file><file><path>component\Actel\DirectCore\COREAHBTOAPB3\2.0.116\rtl\vlog\test\amba_bfm\bfm_apbslaveext.v</path><type>TB_HDL</type><fileset>STIMULUS_FILESET</fileset><local>true</local><used>false</used><selectable>true</selectable><timestamp>1362542012</timestamp><used_for_compile>true</used_for_compile><used_for_synthesis>false</used_for_synthesis></file><file><path>component\Actel\DirectCore\COREAHBTOAPB3\2.0.116\rtl\vlog\test\amba_bfm\bfm_main.v</path><type>TB_HDL</type><fileset>STIMULUS_FILESET</fileset><local>true</local><used>false</used><selectable>true</selectable><timestamp>1362542012</timestamp><used_for_compile>false</used_for_compile><used_for_synthesis>false</used_for_synthesis></file><file><path>component\Actel\DirectCore\COREAHBTOAPB3\2.0.116\rtl\vlog\test\user\testbench.v</path><type>TB_HDL</type><fileset>STIMULUS_FILESET</fileset><local>true</local><used>false</used><selectable>true</selectable><timestamp>1362542012</timestamp><used_for_compile>false</used_for_compile><used_for_synthesis>false</used_for_synthesis></file><file><path>component\Actel\DirectCore\CoreAPB3\3.0.103\coreparameters.v</path><type>TB_HDL</type><fileset>STIMULUS_FILESET</fileset><local>true</local><used>false</used><selectable>true</selectable><timestamp>1372095165</timestamp><used_for_compile>false</used_for_compile><used_for_synthesis>false</used_for_synthesis></file><file><path>component\Actel\DirectCore\CoreAPB3\3.0.103\rtl\vlog\test\user\testbench.v</path><type>TB_HDL</type><fileset>STIMULUS_FILESET</fileset><local>true</local><used>false</used><selectable>true</selectable><timestamp>1360743576</timestamp><used_for_compile>false</used_for_compile><used_for_synthesis>false</used_for_synthesis></file><file><path>component\work\imaging\testbench.v</path><type>TB_HDL</type><fileset>STIMULUS_FILESET</fileset><local>true</local><used>false</used><selectable>true</selectable><timestamp>1372095161</timestamp><used_for_compile>true</used_for_compile><used_for_synthesis>false</used_for_synthesis></file><file><path>component\work\MSS_CORE2\testbench.v</path><type>TB_HDL</type><fileset>STIMULUS_FILESET</fileset><local>true</local><used>false</used><selectable>true</selectable><timestamp>1361948025</timestamp><used_for_compile>false</used_for_compile><used_for_synthesis>false</used_for_synthesis></file><file><path>component\work\TOPLEVEL\testbench.v</path><type>TB_HDL</type><fileset>STIMULUS_FILESET</fileset><local>true</local><used>true</used><selectable>true</selectable><timestamp>1372095166</timestamp><used_for_compile>false</used_for_compile><used_for_synthesis>false</used_for_synthesis></file></input_files><output_files/><report_files/></tool><tool Constraint_Default="true" Simulation_Default="false" Source_Default="true" Stimulus_Default="false" internal_name="SIM_POSTSYNTH" library="Tool" name="PostSynthesisSimulation" state="0" vendor="Actel" version="1.0.100"><configuration/><input_files><file><path>synthesis\TOPLEVEL.v</path><type>HDL</type><fileset>ANY_SIMULATION_FILESET</fileset><local>true</local><used>true</used><selectable>false</selectable><timestamp>0</timestamp><used_for_compile>false</used_for_compile><used_for_synthesis>false</used_for_synthesis></file><file><path>component\Actel\DirectCore\CoreAHBLite\3.1.102\coreparameters.v</path><type>TB_HDL</type><fileset>STIMULUS_FILESET</fileset><local>true</local><used>false</used><selectable>true</selectable><timestamp>1371165513</timestamp><used_for_compile>false</used_for_compile><used_for_synthesis>false</used_for_synthesis></file><file><path>component\Actel\DirectCore\CoreAHBLite\3.1.102\rtl\vlog\test\user\testbench.v</path><type>TB_HDL</type><fileset>STIMULUS_FILESET</fileset><local>true</local><used>false</used><selectable>true</selectable><timestamp>1360717846</timestamp><used_for_compile>true</used_for_compile><used_for_synthesis>false</used_for_synthesis></file><file><path>component\Actel\DirectCore\COREAHBTOAPB3\2.0.116\coreparameters.v</path><type>TB_HDL</type><fileset>STIMULUS_FILESET</fileset><local>true</local><used>false</used><selectable>true</selectable><timestamp>1371165514</timestamp><used_for_compile>false</used_for_compile><used_for_synthesis>false</used_for_synthesis></file><file><path>component\Actel\DirectCore\COREAHBTOAPB3\2.0.116\rtl\vlog\test\amba_bfm\bfm_ahbl.v</path><type>TB_HDL</type><fileset>STIMULUS_FILESET</fileset><local>true</local><used>false</used><selectable>true</selectable><timestamp>1362542012</timestamp><used_for_compile>false</used_for_compile><used_for_synthesis>false</used_for_synthesis></file><file><path>component\Actel\DirectCore\COREAHBTOAPB3\2.0.116\rtl\vlog\test\amba_bfm\bfm_apbslave.v</path><type>TB_HDL</type><fileset>STIMULUS_FILESET</fileset><local>true</local><used>false</used><selectable>true</selectable><timestamp>1362542012</timestamp><used_for_compile>false</used_for_compile><used_for_synthesis>false</used_for_synthesis></file><file><path>component\Actel\DirectCore\COREAHBTOAPB3\2.0.116\rtl\vlog\test\amba_bfm\bfm_apbslaveext.v</path><type>TB_HDL</type><fileset>STIMULUS_FILESET</fileset><local>true</local><used>false</used><selectable>true</selectable><timestamp>1362542012</timestamp><used_for_compile>false</used_for_compile><used_for_synthesis>false</used_for_synthesis></file><file><path>component\Actel\DirectCore\COREAHBTOAPB3\2.0.116\rtl\vlog\test\amba_bfm\bfm_main.v</path><type>TB_HDL</type><fileset>STIMULUS_FILESET</fileset><local>true</local><used>false</used><selectable>true</selectable><timestamp>1362542012</timestamp><used_for_compile>true</used_for_compile><used_for_synthesis>false</used_for_synthesis></file><file><path>component\Actel\DirectCore\COREAHBTOAPB3\2.0.116\rtl\vlog\test\user\testbench.v</path><type>TB_HDL</type><fileset>STIMULUS_FILESET</fileset><local>true</local><used>false</used><selectable>true</selectable><timestamp>1362542012</timestamp><used_for_compile>false</used_for_compile><used_for_synthesis>false</used_for_synthesis></file><file><path>component\Actel\DirectCore\CoreAPB3\3.0.103\coreparameters.v</path><type>TB_HDL</type><fileset>STIMULUS_FILESET</fileset><local>true</local><used>false</used><selectable>true</selectable><timestamp>1371165518</timestamp><used_for_compile>false</used_for_compile><used_for_synthesis>false</used_for_synthesis></file><file><path>component\Actel\DirectCore\CoreAPB3\3.0.103\rtl\vlog\test\user\testbench.v</path><type>TB_HDL</type><fileset>STIMULUS_FILESET</fileset><local>true</local><used>false</used><selectable>true</selectable><timestamp>1360743576</timestamp><used_for_compile>false</used_for_compile><used_for_synthesis>false</used_for_synthesis></file><file><path>component\work\imaging\testbench.v</path><type>TB_HDL</type><fileset>STIMULUS_FILESET</fileset><local>true</local><used>false</used><selectable>true</selectable><timestamp>1371164390</timestamp><used_for_compile>false</used_for_compile><used_for_synthesis>false</used_for_synthesis></file><file><path>component\work\MSS_CORE2\testbench.v</path><type>TB_HDL</type><fileset>STIMULUS_FILESET</fileset><local>true</local><used>false</used><selectable>true</selectable><timestamp>1361948025</timestamp><used_for_compile>true</used_for_compile><used_for_synthesis>false</used_for_synthesis></file><file><path>component\work\TOPLEVEL\testbench.v</path><type>TB_HDL</type><fileset>STIMULUS_FILESET</fileset><local>true</local><used>true</used><selectable>true</selectable><timestamp>1371165521</timestamp><used_for_compile>false</used_for_compile><used_for_synthesis>false</used_for_synthesis></file></input_files><output_files/><report_files/></tool><tool Constraint_Default="true" Simulation_Default="true" Source_Default="true" Stimulus_Default="true" internal_name="SDTB" library="Tool" name="SDTB" state="0" vendor="Actel" version="1.0.100"><configuration/><input_files/><output_files/><report_files/></tool><tool Constraint_Default="true" Simulation_Default="true" Source_Default="true" Stimulus_Default="true" internal_name="MSSCONFIGURATOR" library="Tool" name="MSS" state="1" vendor="Actel" version="1.0.100"><configuration/><input_files/><output_files/><report_files/></tool><tool Constraint_Default="true" Simulation_Default="true" Source_Default="true" Stimulus_Default="true" internal_name="HDLTB" library="Tool" name="HDLTB" state="0" vendor="Actel" version="1.0.100"><configuration/><input_files/><output_files/><report_files/></tool><tool Constraint_Default="true" Simulation_Default="true" Source_Default="true" Stimulus_Default="true" internal_name="HDLEDITOR" library="Tool" name="HDL" state="0" vendor="Actel" version="1.0.100"><configuration/><input_files/><output_files/><report_files/></tool><tool Constraint_Default="true" Simulation_Default="true" Source_Default="true" Stimulus_Default="true" internal_name="FIRMWARECONFIGURATOR" library="Tool" name="FirmwareView" state="0" vendor="Actel" version="1.0.100"><configuration/><input_files/><output_files/><report_files/></tool><tool Constraint_Default="true" Simulation_Default="true" Source_Default="true" Stimulus_Default="true" internal_name="EDITTIMING_PRESYNTH" library="Tool" name="TimingConstraints" state="0" vendor="Actel" version="1.0.100"><configuration/><input_files/><output_files/><report_files/></tool><tool Constraint_Default="true" Simulation_Default="true" Source_Default="true" Stimulus_Default="true" internal_name="EDITIO_PRESYNTH" library="Tool" name="IOEditor" state="0" vendor="Actel" version="1.0.100"><configuration/><input_files/><output_files/><report_files/></tool><tool Constraint_Default="false" Simulation_Default="true" Source_Default="true" Stimulus_Default="true" internal_name="COMPILE" library="Tool" name="DesCompile" state="6" vendor="Actel" version="1.0.100"><configuration><spirit:hwParameter spirit:name="MERGEPDC">true</spirit:hwParameter><spirit:hwParameter spirit:name="MERGESDC">true</spirit:hwParameter></configuration><input_files><file><path>synthesis\TOPLEVEL.edn</path><type>HDL</type><fileset>HDL_FILESET</fileset><local>true</local><used>true</used><selectable>true</selectable><timestamp>1391371393</timestamp><used_for_compile>false</used_for_compile><used_for_synthesis>false</used_for_synthesis></file><file><path>component\work\TOPLEVEL\TOPLEVEL.pdc</path><type>PDC</type><fileset>DESIGNER_FILESET</fileset><local>true</local><used>false</used><selectable>true</selectable><timestamp>1391371309</timestamp><used_for_compile>false</used_for_compile><used_for_synthesis>false</used_for_synthesis></file><file><path>constraint\MSS_CORE2.pdc</path><type>PDC</type><fileset>DESIGNER_FILESET</fileset><local>true</local><used>false</used><selectable>true</selectable><timestamp>1391210977</timestamp><used_for_compile>false</used_for_compile><used_for_synthesis>false</used_for_synthesis></file><file><path>constraint\senseye_constraints.pdc</path><type>PDC</type><fileset>DESIGNER_FILESET</fileset><local>true</local><used>true</used><selectable>true</selectable><timestamp>1391365338</timestamp><used_for_compile>false</used_for_compile><used_for_synthesis>false</used_for_synthesis></file><file><path>synthesis\TOPLEVEL_sdc.sdc</path><type>SDC_SYN</type><fileset>OTHER_SYNTHESIS_FILESET</fileset><local>true</local><used>false</used><selectable>true</selectable><timestamp>1391371393</timestamp><used_for_compile>false</used_for_compile><used_for_synthesis>false</used_for_synthesis></file></input_files><output_files><file><path>designer\impl1\TOPLEVEL.adb</path><type>ADB</type><fileset/><local>true</local><used>true</used><selectable>true</selectable><timestamp>1391371604</timestamp><used_for_compile>false</used_for_compile><used_for_synthesis>false</used_for_synthesis></file></output_files><report_files><file><path>designer\impl1\TOPLEVEL_compile_log.rpt</path><type>LOG</type><fileset>OTHER_FILESET</fileset><local>true</local><used>false</used><selectable>true</selectable><timestamp>0</timestamp><used_for_compile>false</used_for_compile><used_for_synthesis>false</used_for_synthesis></file><file><path>designer\impl1\TOPLEVEL_compile_report.txt</path><type>LOG</type><fileset>OTHER_FILESET</fileset><local>true</local><used>false</used><selectable>true</selectable><timestamp>0</timestamp><used_for_compile>false</used_for_compile><used_for_synthesis>false</used_for_synthesis></file></report_files></tool><tool Constraint_Default="true" Simulation_Default="true" Source_Default="true" Stimulus_Default="true" internal_name="PLACEROUTE" library="Tool" name="DesLayout" state="6" vendor="Actel" version="1.0.100"><configuration><spirit:hwParameter spirit:name="INCRPLACEANDROUTE">false</spirit:hwParameter><spirit:hwParameter spirit:name="TDPR">true</spirit:hwParameter></configuration><input_files/><output_files/><report_files><file><path>designer\impl1\TOPLEVEL_placeroute_log.rpt</path><type>LOG</type><fileset>OTHER_FILESET</fileset><local>true</local><used>false</used><selectable>true</selectable><timestamp>0</timestamp><used_for_compile>false</used_for_compile><used_for_synthesis>false</used_for_synthesis></file><file><path>designer\impl1\TOPLEVEL_place_and_route_report.txt</path><type>LOG</type><fileset>OTHER_FILESET</fileset><local>true</local><used>false</used><selectable>true</selectable><timestamp>0</timestamp><used_for_compile>false</used_for_compile><used_for_synthesis>false</used_for_synthesis></file><file><path>designer\impl1\TOPLEVEL_globalnet_report.txt</path><type>LOG</type><fileset>OTHER_FILESET</fileset><local>true</local><used>false</used><selectable>true</selectable><timestamp>0</timestamp><used_for_compile>false</used_for_compile><used_for_synthesis>false</used_for_synthesis></file><file><path>designer\impl1\TOPLEVEL_globalusage_report.txt</path><type>LOG</type><fileset>OTHER_FILESET</fileset><local>true</local><used>false</used><selectable>true</selectable><timestamp>0</timestamp><used_for_compile>false</used_for_compile><used_for_synthesis>false</used_for_synthesis></file><file><path>designer\impl1\TOPLEVEL_iobank_report.txt</path><type>LOG</type><fileset>OTHER_FILESET</fileset><local>true</local><used>false</used><selectable>true</selectable><timestamp>0</timestamp><used_for_compile>false</used_for_compile><used_for_synthesis>false</used_for_synthesis></file></report_files></tool><tool Constraint_Default="true" Simulation_Default="true" Source_Default="true" Stimulus_Default="true" internal_name="EXPORTSDF" library="Tool" name="BackAnnotation" state="6" vendor="Actel" version="1.0.100"><configuration/><input_files/><output_files><file><path>designer\impl1\TOPLEVEL_ba.v</path><type>HDL</type><fileset/><local>true</local><used>true</used><selectable>true</selectable><timestamp>0</timestamp><used_for_compile>false</used_for_compile><used_for_synthesis>false</used_for_synthesis></file><file><path>designer\impl1\TOPLEVEL_ba.v</path><type>SDF</type><fileset/><local>true</local><used>true</used><selectable>true</selectable><timestamp>0</timestamp><used_for_compile>false</used_for_compile><used_for_synthesis>false</used_for_synthesis></file></output_files><report_files><file><path>designer\impl1\TOPLEVEL_ba_log.rpt</path><type>LOG</type><fileset>OTHER_FILESET</fileset><local>true</local><used>true</used><selectable>true</selectable><timestamp>0</timestamp><used_for_compile>false</used_for_compile><used_for_synthesis>false</used_for_synthesis></file></report_files></tool><tool Constraint_Default="true" Simulation_Default="false" Source_Default="true" Stimulus_Default="false" internal_name="SIM_POSTLAYOUT" library="Tool" name="BackAnnotatedSimulation" state="6" vendor="Actel" version="1.0.100"><configuration/><input_files><file><path>designer\impl1\TOPLEVEL_ba.v</path><type>HDL</type><fileset>ANY_SIMULATION_FILESET</fileset><local>true</local><used>true</used><selectable>false</selectable><timestamp>1362583381</timestamp><used_for_compile>true</used_for_compile><used_for_synthesis>false</used_for_synthesis></file><file><path>designer\impl1\TOPLEVEL_ba.sdf</path><type>HDL</type><fileset>ANY_SIMULATION_FILESET</fileset><local>true</local><used>true</used><selectable>false</selectable><timestamp>1362583382</timestamp><used_for_compile>false</used_for_compile><used_for_synthesis>false</used_for_synthesis></file><file><path>component\Actel\DirectCore\CoreAHBLite\3.1.102\coreparameters.v</path><type>TB_HDL</type><fileset>STIMULUS_FILESET</fileset><local>true</local><used>false</used><selectable>true</selectable><timestamp>1372095163</timestamp><used_for_compile>false</used_for_compile><used_for_synthesis>false</used_for_synthesis></file><file><path>component\Actel\DirectCore\CoreAHBLite\3.1.102\rtl\vlog\test\user\testbench.v</path><type>TB_HDL</type><fileset>STIMULUS_FILESET</fileset><local>true</local><used>false</used><selectable>true</selectable><timestamp>1360717846</timestamp><used_for_compile>false</used_for_compile><used_for_synthesis>false</used_for_synthesis></file><file><path>component\Actel\DirectCore\COREAHBTOAPB3\2.0.116\coreparameters.v</path><type>TB_HDL</type><fileset>STIMULUS_FILESET</fileset><local>true</local><used>false</used><selectable>true</selectable><timestamp>1372095164</timestamp><used_for_compile>false</used_for_compile><used_for_synthesis>false</used_for_synthesis></file><file><path>component\Actel\DirectCore\COREAHBTOAPB3\2.0.116\rtl\vlog\test\amba_bfm\bfm_ahbl.v</path><type>TB_HDL</type><fileset>STIMULUS_FILESET</fileset><local>true</local><used>false</used><selectable>true</selectable><timestamp>1362542012</timestamp><used_for_compile>true</used_for_compile><used_for_synthesis>false</used_for_synthesis></file><file><path>component\Actel\DirectCore\COREAHBTOAPB3\2.0.116\rtl\vlog\test\amba_bfm\bfm_apbslave.v</path><type>TB_HDL</type><fileset>STIMULUS_FILESET</fileset><local>true</local><used>false</used><selectable>true</selectable><timestamp>1362542012</timestamp><used_for_compile>false</used_for_compile><used_for_synthesis>false</used_for_synthesis></file><file><path>component\Actel\DirectCore\COREAHBTOAPB3\2.0.116\rtl\vlog\test\amba_bfm\bfm_apbslaveext.v</path><type>TB_HDL</type><fileset>STIMULUS_FILESET</fileset><local>true</local><used>false</used><selectable>true</selectable><timestamp>1362542012</timestamp><used_for_compile>false</used_for_compile><used_for_synthesis>false</used_for_synthesis></file><file><path>component\Actel\DirectCore\COREAHBTOAPB3\2.0.116\rtl\vlog\test\amba_bfm\bfm_main.v</path><type>TB_HDL</type><fileset>STIMULUS_FILESET</fileset><local>true</local><used>false</used><selectable>true</selectable><timestamp>1362542012</timestamp><used_for_compile>false</used_for_compile><used_for_synthesis>false</used_for_synthesis></file><file><path>component\Actel\DirectCore\COREAHBTOAPB3\2.0.116\rtl\vlog\test\user\testbench.v</path><type>TB_HDL</type><fileset>STIMULUS_FILESET</fileset><local>true</local><used>false</used><selectable>true</selectable><timestamp>1362542012</timestamp><used_for_compile>false</used_for_compile><used_for_synthesis>false</used_for_synthesis></file><file><path>component\Actel\DirectCore\CoreAPB3\3.0.103\coreparameters.v</path><type>TB_HDL</type><fileset>STIMULUS_FILESET</fileset><local>true</local><used>false</used><selectable>true</selectable><timestamp>1372095165</timestamp><used_for_compile>true</used_for_compile><used_for_synthesis>false</used_for_synthesis></file><file><path>component\Actel\DirectCore\CoreAPB3\3.0.103\rtl\vlog\test\user\testbench.v</path><type>TB_HDL</type><fileset>STIMULUS_FILESET</fileset><local>true</local><used>false</used><selectable>true</selectable><timestamp>1360743576</timestamp><used_for_compile>false</used_for_compile><used_for_synthesis>false</used_for_synthesis></file><file><path>component\work\imaging\testbench.v</path><type>TB_HDL</type><fileset>STIMULUS_FILESET</fileset><local>true</local><used>false</used><selectable>true</selectable><timestamp>1372095161</timestamp><used_for_compile>false</used_for_compile><used_for_synthesis>false</used_for_synthesis></file><file><path>component\work\MSS_CORE2\testbench.v</path><type>TB_HDL</type><fileset>STIMULUS_FILESET</fileset><local>true</local><used>false</used><selectable>true</selectable><timestamp>1361948025</timestamp><used_for_compile>false</used_for_compile><used_for_synthesis>false</used_for_synthesis></file><file><path>component\work\TOPLEVEL\testbench.v</path><type>TB_HDL</type><fileset>STIMULUS_FILESET</fileset><local>true</local><used>true</used><selectable>true</selectable><timestamp>1372095166</timestamp><used_for_compile>false</used_for_compile><used_for_synthesis>false</used_for_synthesis></file></input_files><output_files/><report_files/></tool><tool Constraint_Default="true" Simulation_Default="true" Source_Default="true" Stimulus_Default="true" internal_name="EXPORTIBIS" library="Tool" name="ExportDesIBIS" state="0" vendor="Actel" version="1.0.100"><configuration/><input_files/><output_files/><report_files/></tool><tool Constraint_Default="true" Simulation_Default="true" Source_Default="true" Stimulus_Default="true" internal_name="EXPORTPIN" library="Tool" name="ExportDesPin" state="0" vendor="Actel" version="1.0.100"><configuration><spirit:hwParameter spirit:name="PINRPT_BY_NAME">true</spirit:hwParameter><spirit:hwParameter spirit:name="PINRPT_BY_NUMBER">true</spirit:hwParameter></configuration><input_files/><output_files/><report_files/></tool><tool Constraint_Default="true" Simulation_Default="true" Source_Default="true" Stimulus_Default="true" internal_name="VERIFYPOWER" library="Tool" name="AnalyzePower" state="0" vendor="Actel" version="1.0.100"><configuration/><input_files/><output_files/><report_files/></tool><tool Constraint_Default="true" Simulation_Default="true" Source_Default="true" Stimulus_Default="true" internal_name="VERIFYTIMING" library="Tool" name="AnalyzeTiming" state="6" vendor="Actel" version="1.0.100"><configuration/><input_files/><output_files/><report_files><file><path>designer\impl1\TOPLEVEL_verifytiming_log.rpt</path><type>LOG</type><fileset>OTHER_FILESET</fileset><local>true</local><used>false</used><selectable>true</selectable><timestamp>0</timestamp><used_for_compile>false</used_for_compile><used_for_synthesis>false</used_for_synthesis></file><file><path>designer\impl1\TOPLEVEL_maxdelay_timing_report.txt</path><type>LOG</type><fileset>OTHER_FILESET</fileset><local>true</local><used>false</used><selectable>true</selectable><timestamp>0</timestamp><used_for_compile>false</used_for_compile><used_for_synthesis>false</used_for_synthesis></file><file><path>designer\impl1\TOPLEVEL_mindelay_timing_report.txt</path><type>LOG</type><fileset>OTHER_FILESET</fileset><local>true</local><used>false</used><selectable>true</selectable><timestamp>0</timestamp><used_for_compile>false</used_for_compile><used_for_synthesis>false</used_for_synthesis></file><file><path>designer\impl1\TOPLEVEL_maxdelay_timingviolations_report.txt</path><type>LOG</type><fileset>OTHER_FILESET</fileset><local>true</local><used>false</used><selectable>true</selectable><timestamp>0</timestamp><used_for_compile>false</used_for_compile><used_for_synthesis>false</used_for_synthesis></file><file><path>designer\impl1\TOPLEVEL_mindelay_timingviolations_report.txt</path><type>LOG</type><fileset>OTHER_FILESET</fileset><local>true</local><used>false</used><selectable>true</selectable><timestamp>0</timestamp><used_for_compile>false</used_for_compile><used_for_synthesis>false</used_for_synthesis></file></report_files></tool><tool Constraint_Default="true" Simulation_Default="true" Source_Default="true" Stimulus_Default="true" internal_name="PUBLISHBLOCK" library="Tool" name="PublishDesignerBlock" state="0" vendor="Actel" version="1.0.100"><configuration><spirit:hwParameter spirit:name="LANGUAGE">verilog</spirit:hwParameter><spirit:hwParameter spirit:name="PLACEMENT">true</spirit:hwParameter><spirit:hwParameter spirit:name="REGION">true</spirit:hwParameter><spirit:hwParameter spirit:name="ROUTING">true</spirit:hwParameter></configuration><input_files/><output_files/><report_files/></tool><tool Constraint_Default="true" Simulation_Default="true" Source_Default="true" Stimulus_Default="true" internal_name="GENERATEPROGRAMMINGDATA" library="Tool" name="ProgrammingData" state="6" vendor="Actel" version="1.0.100"><configuration/><input_files/><output_files><file><path>designer\impl1\TOPLEVEL.fdb</path><type>PROGRAMMING</type><fileset/><local>true</local><used>false</used><selectable>true</selectable><timestamp>1391371603</timestamp><used_for_compile>false</used_for_compile><used_for_synthesis>false</used_for_synthesis></file></output_files><report_files><file><path>designer\impl1\TOPLEVEL_prgdata_log.rpt</path><type>LOG</type><fileset>OTHER_FILESET</fileset><local>true</local><used>false</used><selectable>true</selectable><timestamp>0</timestamp><used_for_compile>false</used_for_compile><used_for_synthesis>false</used_for_synthesis></file></report_files></tool><tool Constraint_Default="true" Simulation_Default="true" Source_Default="true" Stimulus_Default="true" internal_name="EXPORTPROGRAMMINGFILE" library="Tool" name="ExportProgrammingFile" state="0" vendor="Actel" version="1.0.100"><configuration/><input_files/><output_files/><report_files/></tool><tool Constraint_Default="true" Simulation_Default="true" Source_Default="true" Stimulus_Default="true" internal_name="PROGRAMDEVICE" library="Tool" name="ProgramDevice" state="0" vendor="Actel" version="1.0.100"><configuration/><input_files/><output_files><file><path>designer\impl1\TOPLEVEL_fp\$$FlashPro_51638.L$$</path><type>FPRO</type><fileset>PROG_FILESET</fileset><local>true</local><used>true</used><selectable>true</selectable><timestamp>1379990353</timestamp><used_for_compile>true</used_for_compile><used_for_synthesis>false</used_for_synthesis></file><file><path>designer\impl1\TOPLEVEL_fp\TOPLEVEL.tcl</path><type>FPRO</type><fileset>PROG_FILESET</fileset><local>true</local><used>true</used><selectable>true</selectable><timestamp>1389551369</timestamp><used_for_compile>false</used_for_compile><used_for_synthesis>false</used_for_synthesis></file><file><path>designer\impl1\TOPLEVEL_fp\projectData</path><type>FPRO</type><fileset>PROG_FILESET</fileset><local>true</local><used>true</used><selectable>true</selectable><timestamp>0</timestamp><used_for_compile>true</used_for_compile><used_for_synthesis>false</used_for_synthesis></file></output_files><report_files><file><path>designer\impl1\TOPLEVEL_fp\TOPLEVEL_program.log</path><type>LOG</type><fileset>OTHER_FILESET</fileset><local>true</local><used>true</used><selectable>true</selectable><timestamp>0</timestamp><used_for_compile>false</used_for_compile><used_for_synthesis>false</used_for_synthesis></file></report_files></tool><tool Constraint_Default="true" Simulation_Default="true" Source_Default="true" Stimulus_Default="true" internal_name="INSTRUMENTDESIGN" library="Tool" name="InstrumentDesign" state="0" vendor="Actel" version="1.0.100"><configuration/><input_files/><output_files/><report_files/></tool><tool Constraint_Default="true" Simulation_Default="true" Source_Default="true" Stimulus_Default="true" internal_name="EDITFLOORPLAN_POSTCOMPILE" library="Tool" name="FloorPlan" state="0" vendor="Actel" version="1.0.100"><configuration/><input_files/><output_files/><report_files><file><path>designer\impl1\TOPLEVEL_floorplan_log.rpt</path><type>LOG</type><fileset>OTHER_FILESET</fileset><local>true</local><used>false</used><selectable>true</selectable><timestamp>0</timestamp><used_for_compile>false</used_for_compile><used_for_synthesis>false</used_for_synthesis></file></report_files></tool><tool Constraint_Default="true" Simulation_Default="true" Source_Default="true" Stimulus_Default="true" internal_name="EDITTIMING_POSTCOMPILE" library="Tool" name="TimingConstraints" state="0" vendor="Actel" version="1.0.100"><configuration/><input_files/><output_files/><report_files/></tool><tool Constraint_Default="true" Simulation_Default="true" Source_Default="true" Stimulus_Default="true" internal_name="EDITIO_POSTCOMPILE" library="Tool" name="MVNIOEditor" state="0" vendor="Actel" version="1.0.100"><configuration/><input_files/><output_files/><report_files/></tool></toolSetting>