<spirit:component xmlns:actel-cc="http://www.actel.com/XMLSchema/CoreConsole" xmlns:spirit="http://www.spiritconsortium.org/XMLSchema/SPIRIT/1.1" xmlns:xsi="http://www.w3.org/2001/XMLSchema-instance" xsi:schemaLocation="http://www.spiritconsortium.org/XMLSchema/SPIRIT/1.1 http://www.spiritconsortium.org/XMLSchema/SPIRIT/1.1/component.xsd">
  <spirit:vendor>User</spirit:vendor>
  <spirit:library>Private</spirit:library>
  <spirit:name>psram_cr</spirit:name>
  <spirit:version>1.0</spirit:version>
  <spirit:busInterfaces>
  </spirit:busInterfaces>
  <spirit:memoryMaps>
  </spirit:memoryMaps>
  <spirit:hwModel>
    <spirit:views>
    </spirit:views>
    <spirit:signals>
      <spirit:signal>
        <spirit:name>HSEL</spirit:name>
        <spirit:direction>in</spirit:direction>
      </spirit:signal>
      <spirit:signal>
        <spirit:name>HWRITE</spirit:name>
        <spirit:direction>in</spirit:direction>
      </spirit:signal>
      <spirit:signal>
        <spirit:name>HMASTLOCK</spirit:name>
        <spirit:direction>in</spirit:direction>
      </spirit:signal>
      <spirit:signal>
        <spirit:name>HREADY</spirit:name>
        <spirit:direction>in</spirit:direction>
      </spirit:signal>
      <spirit:signal>
        <spirit:name>HRESETn</spirit:name>
        <spirit:direction>in</spirit:direction>
      </spirit:signal>
      <spirit:signal>
        <spirit:name>HCLK</spirit:name>
        <spirit:direction>in</spirit:direction>
      </spirit:signal>
      <spirit:signal>
        <spirit:name>HADDR</spirit:name>
        <spirit:direction>in</spirit:direction>
        <spirit:left>31</spirit:left>
        <spirit:right>0</spirit:right>
      </spirit:signal>
      <spirit:signal>
        <spirit:name>HWDATA</spirit:name>
        <spirit:direction>in</spirit:direction>
        <spirit:left>31</spirit:left>
        <spirit:right>0</spirit:right>
      </spirit:signal>
      <spirit:signal>
        <spirit:name>HSIZE</spirit:name>
        <spirit:direction>in</spirit:direction>
        <spirit:left>2</spirit:left>
        <spirit:right>0</spirit:right>
      </spirit:signal>
      <spirit:signal>
        <spirit:name>HBURST</spirit:name>
        <spirit:direction>in</spirit:direction>
        <spirit:left>2</spirit:left>
        <spirit:right>0</spirit:right>
      </spirit:signal>
      <spirit:signal>
        <spirit:name>HPROT</spirit:name>
        <spirit:direction>in</spirit:direction>
        <spirit:left>3</spirit:left>
        <spirit:right>0</spirit:right>
      </spirit:signal>
      <spirit:signal>
        <spirit:name>HTRANS</spirit:name>
        <spirit:direction>in</spirit:direction>
        <spirit:left>1</spirit:left>
        <spirit:right>0</spirit:right>
      </spirit:signal>
      <spirit:signal>
        <spirit:name>HREADYOUT</spirit:name>
        <spirit:direction>out</spirit:direction>
      </spirit:signal>
      <spirit:signal>
        <spirit:name>HRESP</spirit:name>
        <spirit:direction>out</spirit:direction>
        <spirit:left>1</spirit:left>
        <spirit:right>0</spirit:right>
      </spirit:signal>
      <spirit:signal>
        <spirit:name>HRDATA</spirit:name>
        <spirit:direction>out</spirit:direction>
        <spirit:left>31</spirit:left>
        <spirit:right>0</spirit:right>
      </spirit:signal>
      <spirit:signal>
        <spirit:name>address</spirit:name>
        <spirit:direction>out</spirit:direction>
        <spirit:left>24</spirit:left>
        <spirit:right>0</spirit:right>
      </spirit:signal>
      <spirit:signal>
        <spirit:name>nbyte_en</spirit:name>
        <spirit:direction>out</spirit:direction>
        <spirit:left>1</spirit:left>
        <spirit:right>0</spirit:right>
      </spirit:signal>
      <spirit:signal>
        <spirit:name>ncs0</spirit:name>
        <spirit:direction>out</spirit:direction>
      </spirit:signal>
      <spirit:signal>
        <spirit:name>ncs1</spirit:name>
        <spirit:direction>out</spirit:direction>
      </spirit:signal>
      <spirit:signal>
        <spirit:name>data</spirit:name>
        <spirit:direction>inout</spirit:direction>
        <spirit:left>15</spirit:left>
        <spirit:right>0</spirit:right>
      </spirit:signal>
      <spirit:signal>
        <spirit:name>noe0</spirit:name>
        <spirit:direction>out</spirit:direction>
      </spirit:signal>
      <spirit:signal>
        <spirit:name>noe1</spirit:name>
        <spirit:direction>out</spirit:direction>
      </spirit:signal>
      <spirit:signal>
        <spirit:name>nwe</spirit:name>
        <spirit:direction>out</spirit:direction>
      </spirit:signal>
    </spirit:signals>
    <spirit:hwParameters>
    </spirit:hwParameters>
  </spirit:hwModel>
  <spirit:choices>
  </spirit:choices>
  <spirit:fileSets>
  <spirit:fileSet spirit:fileSetId="HDL_FILESET">
    <spirit:file>
      <spirit:name>hdl/psram_cr.v</spirit:name>
      <spirit:fileType>verilogSource</spirit:fileType>
    <spirit:vendorExtensions></spirit:vendorExtensions>
    </spirit:file>
  <spirit:vendorExtensions></spirit:vendorExtensions>
  </spirit:fileSet>
  </spirit:fileSets>
  <spirit:vendorExtensions>
    <actel-cc:type typeName="IP"/>
    <actel-cc:instantiateOnCreation value="false"/>
    <actel-cc:categories categoryName="OS" style="hidden">
      <actel-cc:category name="PC">
      </actel-cc:category>
    </actel-cc:categories>
  </spirit:vendorExtensions>
</spirit:component>
