<spirit:component xmlns:actel-cc="http://www.actel.com/XMLSchema/CoreConsole" xmlns:spirit="http://www.spiritconsortium.org/XMLSchema/SPIRIT/1.1" xmlns:xsi="http://www.w3.org/2001/XMLSchema-instance" xsi:schemaLocation="http://www.spiritconsortium.org/XMLSchema/SPIRIT/1.1 http://www.spiritconsortium.org/XMLSchema/SPIRIT/1.1/component.xsd">
  <spirit:vendor>User</spirit:vendor>
  <spirit:library>Private</spirit:library>
  <spirit:name>imager</spirit:name>
  <spirit:version>1.0</spirit:version>
  <spirit:busInterfaces>
  <spirit:busInterface>
    <spirit:name>BIF_1</spirit:name>
    <spirit:busType spirit:vendor="AMBA" spirit:library="AMBA2" spirit:name="APB" spirit:version="r0p0"/>
    <spirit:slave></spirit:slave>
    <spirit:signalMap>
      <spirit:signalName>
        <spirit:componentSignalName>PADDR</spirit:componentSignalName><spirit:busSignalName>PADDR</spirit:busSignalName></spirit:signalName>
      <spirit:signalName>
        <spirit:componentSignalName>PENABLE</spirit:componentSignalName><spirit:busSignalName>PENABLE</spirit:busSignalName></spirit:signalName>
      <spirit:signalName>
        <spirit:componentSignalName>PWRITE</spirit:componentSignalName><spirit:busSignalName>PWRITE</spirit:busSignalName></spirit:signalName>
      <spirit:signalName>
        <spirit:componentSignalName>PRDATA</spirit:componentSignalName><spirit:busSignalName>PRDATA</spirit:busSignalName></spirit:signalName>
      <spirit:signalName>
        <spirit:componentSignalName>PWDATA</spirit:componentSignalName><spirit:busSignalName>PWDATA</spirit:busSignalName></spirit:signalName>
      <spirit:signalName>
        <spirit:componentSignalName>PREADY</spirit:componentSignalName><spirit:busSignalName>PREADY</spirit:busSignalName></spirit:signalName>
      <spirit:signalName>
        <spirit:componentSignalName>PSLVERR</spirit:componentSignalName><spirit:busSignalName>PSLVERR</spirit:busSignalName></spirit:signalName>
      <spirit:signalName>
        <spirit:componentSignalName>PSEL</spirit:componentSignalName><spirit:busSignalName>PSELx</spirit:busSignalName></spirit:signalName></spirit:signalMap>
    <spirit:vendorExtensions></spirit:vendorExtensions>
  </spirit:busInterface>
  </spirit:busInterfaces>
  <spirit:memoryMaps>
  </spirit:memoryMaps>
  <spirit:hwModel>
    <spirit:views>
    </spirit:views>
    <spirit:signals>
      <spirit:signal>
        <spirit:name>clk</spirit:name>
        <spirit:direction>in</spirit:direction>
      </spirit:signal>
      <spirit:signal>
        <spirit:name>reset</spirit:name>
        <spirit:direction>in</spirit:direction>
      </spirit:signal>
      <spirit:signal>
        <spirit:name>PSEL</spirit:name>
        <spirit:direction>in</spirit:direction>
      </spirit:signal>
      <spirit:signal>
        <spirit:name>PENABLE</spirit:name>
        <spirit:direction>in</spirit:direction>
      </spirit:signal>
      <spirit:signal>
        <spirit:name>PWRITE</spirit:name>
        <spirit:direction>in</spirit:direction>
      </spirit:signal>
      <spirit:signal>
        <spirit:name>PADDR</spirit:name>
        <spirit:direction>in</spirit:direction>
        <spirit:left>31</spirit:left>
        <spirit:right>0</spirit:right>
      </spirit:signal>
      <spirit:signal>
        <spirit:name>PWDATA</spirit:name>
        <spirit:direction>in</spirit:direction>
        <spirit:left>31</spirit:left>
        <spirit:right>0</spirit:right>
      </spirit:signal>
      <spirit:signal>
        <spirit:name>PREADY</spirit:name>
        <spirit:direction>out</spirit:direction>
      </spirit:signal>
      <spirit:signal>
        <spirit:name>PRDATA</spirit:name>
        <spirit:direction>out</spirit:direction>
        <spirit:left>31</spirit:left>
        <spirit:right>0</spirit:right>
      </spirit:signal>
      <spirit:signal>
        <spirit:name>PSLVERR</spirit:name>
        <spirit:direction>out</spirit:direction>
      </spirit:signal>
      <spirit:signal>
        <spirit:name>cam0_sdata</spirit:name>
        <spirit:direction>in</spirit:direction>
      </spirit:signal>
      <spirit:signal>
        <spirit:name>cam0_sclk</spirit:name>
        <spirit:direction>out</spirit:direction>
      </spirit:signal>
      <spirit:signal>
        <spirit:name>cam0_cs_n</spirit:name>
        <spirit:direction>out</spirit:direction>
      </spirit:signal>
      <spirit:signal>
        <spirit:name>cam0_resp</spirit:name>
        <spirit:direction>out</spirit:direction>
      </spirit:signal>
      <spirit:signal>
        <spirit:name>cam0_incp</spirit:name>
        <spirit:direction>out</spirit:direction>
      </spirit:signal>
      <spirit:signal>
        <spirit:name>cam0_resv</spirit:name>
        <spirit:direction>out</spirit:direction>
      </spirit:signal>
      <spirit:signal>
        <spirit:name>cam0_incv</spirit:name>
        <spirit:direction>out</spirit:direction>
      </spirit:signal>
      <spirit:signal>
        <spirit:name>cam0_inphi</spirit:name>
        <spirit:direction>out</spirit:direction>
      </spirit:signal>
      <spirit:signal>
        <spirit:name>cam0_fifo_afull</spirit:name>
        <spirit:direction>out</spirit:direction>
      </spirit:signal>
      <spirit:signal>
        <spirit:name>cam0_frame_capture_done</spirit:name>
        <spirit:direction>out</spirit:direction>
      </spirit:signal>
      <spirit:signal>
        <spirit:name>cam0_adc_capture_start</spirit:name>
        <spirit:direction>out</spirit:direction>
      </spirit:signal>
      <spirit:signal>
        <spirit:name>cam0_adc_capture_done</spirit:name>
        <spirit:direction>out</spirit:direction>
      </spirit:signal>
      <spirit:signal>
        <spirit:name>cam0_fifo_empty</spirit:name>
        <spirit:direction>out</spirit:direction>
      </spirit:signal>
      <spirit:signal>
        <spirit:name>cam0_fifo_full</spirit:name>
        <spirit:direction>out</spirit:direction>
      </spirit:signal>
      <spirit:signal>
        <spirit:name>cam0_fifo_overflow</spirit:name>
        <spirit:direction>out</spirit:direction>
      </spirit:signal>
      <spirit:signal>
        <spirit:name>capture_requested</spirit:name>
        <spirit:direction>out</spirit:direction>
      </spirit:signal>
      <spirit:signal>
        <spirit:name>adc_state</spirit:name>
        <spirit:direction>out</spirit:direction>
        <spirit:left>2</spirit:left>
        <spirit:right>0</spirit:right>
      </spirit:signal>
    </spirit:signals>
    <spirit:hwParameters>
    </spirit:hwParameters>
  </spirit:hwModel>
  <spirit:choices>
  </spirit:choices>
  <spirit:fileSets>
  <spirit:fileSet spirit:fileSetId="HDL_FILESET">
    <spirit:file>
      <spirit:name>hdl/imager.v</spirit:name>
      <spirit:fileType>verilogSource</spirit:fileType>
    <spirit:vendorExtensions></spirit:vendorExtensions>
    </spirit:file>
  <spirit:vendorExtensions></spirit:vendorExtensions>
  </spirit:fileSet>
  </spirit:fileSets>
  <spirit:vendorExtensions>
    <actel-cc:type typeName="IP"/>
    <actel-cc:instantiateOnCreation value="false"/>
    <actel-cc:categories categoryName="OS" style="hidden">
      <actel-cc:category name="PC">
      </actel-cc:category>
    </actel-cc:categories>
  </spirit:vendorExtensions>
</spirit:component>
