<?xml version="1.0" encoding="ISO-8859-1" ?>
<?xml-stylesheet type="text/xsl" href="drcss.xsl"?>
<drcreport>
  <header>imaging</header>
  <drc>
    <status>C:\Microsemi\Libero_v10.1\Designer/data/drcreport\warn.png</status>
    <StatusMessage>Warning</StatusMessage>
    <message>Floating Driver</message>
    <detail>Floating output pin imaging:px3_adc_din</detail>
    <crossprobe>liberoaction://cross_probe/smartdesign/imaging/pins/imaging:px3_adc_din</crossprobe>
  </drc>
  <drc>
    <status>C:\Microsemi\Libero_v10.1\Designer/data/drcreport\warn.png</status>
    <StatusMessage>Warning</StatusMessage>
    <message>Floating Driver</message>
    <detail>Floating output pin imaging:px2_adc_din</detail>
    <crossprobe>liberoaction://cross_probe/smartdesign/imaging/pins/imaging:px2_adc_din</crossprobe>
  </drc>
</drcreport>
