<?xml version="1.0" encoding="ISO-8859-1" ?>
<?xml-stylesheet type="text/xsl" href="drcss.xsl"?>
<drcreport>
  <header>TOPLEVEL</header>
  <drc>
    <status>C:\Microsemi\Libero_v11.2\Designer/data/drcreport\error.png</status>
    <StatusMessage>Error</StatusMessage>
    <message>Undriven Pin</message>
    <detail>Unconnected top level output port TOPLEVEL:incp</detail>
    <crossprobe>liberoaction://cross_probe/smartdesign/TOPLEVEL/pins/TOPLEVEL:incp</crossprobe>
  </drc>
  <drc>
    <status>C:\Microsemi\Libero_v11.2\Designer/data/drcreport\error.png</status>
    <StatusMessage>Error</StatusMessage>
    <message>Undriven Pin</message>
    <detail>Unconnected top level output port TOPLEVEL:incv</detail>
    <crossprobe>liberoaction://cross_probe/smartdesign/TOPLEVEL/pins/TOPLEVEL:incv</crossprobe>
  </drc>
  <drc>
    <status>C:\Microsemi\Libero_v11.2\Designer/data/drcreport\error.png</status>
    <StatusMessage>Error</StatusMessage>
    <message>Undriven Pin</message>
    <detail>Unconnected top level output port TOPLEVEL:inphi</detail>
    <crossprobe>liberoaction://cross_probe/smartdesign/TOPLEVEL/pins/TOPLEVEL:inphi</crossprobe>
  </drc>
  <drc>
    <status>C:\Microsemi\Libero_v11.2\Designer/data/drcreport\error.png</status>
    <StatusMessage>Error</StatusMessage>
    <message>Undriven Pin</message>
    <detail>Unconnected top level output port TOPLEVEL:resp</detail>
    <crossprobe>liberoaction://cross_probe/smartdesign/TOPLEVEL/pins/TOPLEVEL:resp</crossprobe>
  </drc>
  <drc>
    <status>C:\Microsemi\Libero_v11.2\Designer/data/drcreport\error.png</status>
    <StatusMessage>Error</StatusMessage>
    <message>Undriven Pin</message>
    <detail>Unconnected top level output port TOPLEVEL:resv</detail>
    <crossprobe>liberoaction://cross_probe/smartdesign/TOPLEVEL/pins/TOPLEVEL:resv</crossprobe>
  </drc>
  <drc>
    <status>C:\Microsemi\Libero_v11.2\Designer/data/drcreport\error.png</status>
    <StatusMessage>Error</StatusMessage>
    <message>Undriven Pin</message>
    <detail>Unconnected top level output port TOPLEVEL:CS</detail>
    <crossprobe>liberoaction://cross_probe/smartdesign/TOPLEVEL/pins/TOPLEVEL:CS</crossprobe>
  </drc>
  <drc>
    <status>C:\Microsemi\Libero_v11.2\Designer/data/drcreport\error.png</status>
    <StatusMessage>Error</StatusMessage>
    <message>Undriven Pin</message>
    <detail>Unconnected top level output port TOPLEVEL:SCLK</detail>
    <crossprobe>liberoaction://cross_probe/smartdesign/TOPLEVEL/pins/TOPLEVEL:SCLK</crossprobe>
  </drc>
  <drc>
    <status>C:\Microsemi\Libero_v11.2\Designer/data/drcreport\error.png</status>
    <StatusMessage>Error</StatusMessage>
    <message>Undriven Pin</message>
    <detail>Unconnected top level output port TOPLEVEL:TP_RDEN</detail>
    <crossprobe>liberoaction://cross_probe/smartdesign/TOPLEVEL/pins/TOPLEVEL:TP_RDEN</crossprobe>
  </drc>
  <drc>
    <status>C:\Microsemi\Libero_v11.2\Designer/data/drcreport\error.png</status>
    <StatusMessage>Error</StatusMessage>
    <message>Undriven Pin</message>
    <detail>Unconnected top level output port TOPLEVEL:TP_FULL</detail>
    <crossprobe>liberoaction://cross_probe/smartdesign/TOPLEVEL/pins/TOPLEVEL:TP_FULL</crossprobe>
  </drc>
  <drc>
    <status>C:\Microsemi\Libero_v11.2\Designer/data/drcreport\error.png</status>
    <StatusMessage>Error</StatusMessage>
    <message>Undriven Pin</message>
    <detail>Unconnected top level output port TOPLEVEL:TP_EMPTY</detail>
    <crossprobe>liberoaction://cross_probe/smartdesign/TOPLEVEL/pins/TOPLEVEL:TP_EMPTY</crossprobe>
  </drc>
  <drc>
    <status>C:\Microsemi\Libero_v11.2\Designer/data/drcreport\error.png</status>
    <StatusMessage>Error</StatusMessage>
    <message>Undriven Pin</message>
    <detail>Unconnected top level output port TOPLEVEL:TP_PREADY</detail>
    <crossprobe>liberoaction://cross_probe/smartdesign/TOPLEVEL/pins/TOPLEVEL:TP_PREADY</crossprobe>
  </drc>
  <drc>
    <status>C:\Microsemi\Libero_v11.2\Designer/data/drcreport\error.png</status>
    <StatusMessage>Error</StatusMessage>
    <message>Undriven Pin</message>
    <detail>Unconnected top level output port TOPLEVEL:TP_WREN</detail>
    <crossprobe>liberoaction://cross_probe/smartdesign/TOPLEVEL/pins/TOPLEVEL:TP_WREN</crossprobe>
  </drc>
  <drc>
    <status>C:\Microsemi\Libero_v11.2\Designer/data/drcreport\error.png</status>
    <StatusMessage>Error</StatusMessage>
    <message>Undriven Pin</message>
    <detail>Unconnected top level output port TOPLEVEL:TP_BUSY</detail>
    <crossprobe>liberoaction://cross_probe/smartdesign/TOPLEVEL/pins/TOPLEVEL:TP_BUSY</crossprobe>
  </drc>
  <drc>
    <status>C:\Microsemi\Libero_v11.2\Designer/data/drcreport\error.png</status>
    <StatusMessage>Error</StatusMessage>
    <message>Undriven Pin</message>
    <detail>Unconnected top level output port TOPLEVEL:TP_START_CAPTURE</detail>
    <crossprobe>liberoaction://cross_probe/smartdesign/TOPLEVEL/pins/TOPLEVEL:TP_START_CAPTURE</crossprobe>
  </drc>
  <drc>
    <status>C:\Microsemi\Libero_v11.2\Designer/data/drcreport\warn.png</status>
    <StatusMessage>Warning</StatusMessage>
    <message>Floating Driver</message>
    <detail>Floating output pin TOPLEVEL:px0_adc_din</detail>
    <crossprobe>liberoaction://cross_probe/smartdesign/TOPLEVEL/pins/TOPLEVEL:px0_adc_din</crossprobe>
  </drc>
  <drc>
    <status>C:\Microsemi\Libero_v11.2\Designer/data/drcreport\error.png</status>
    <StatusMessage>Error</StatusMessage>
    <message>Undriven Pin</message>
    <detail>Unconnected top level output port TOPLEVEL:TP_WRITEPENDING</detail>
    <crossprobe>liberoaction://cross_probe/smartdesign/TOPLEVEL/pins/TOPLEVEL:TP_WRITEPENDING</crossprobe>
  </drc>
  <drc>
    <status>C:\Microsemi\Libero_v11.2\Designer/data/drcreport\error.png</status>
    <StatusMessage>Error</StatusMessage>
    <message>Undriven Pin</message>
    <detail>Unconnected top level output port TOPLEVEL:TP_ADCCONVCOMPLETE</detail>
    <crossprobe>liberoaction://cross_probe/smartdesign/TOPLEVEL/pins/TOPLEVEL:TP_ADCCONVCOMPLETE</crossprobe>
  </drc>
  <drc>
    <status>C:\Microsemi\Libero_v11.2\Designer/data/drcreport\error.png</status>
    <StatusMessage>Error</StatusMessage>
    <message>Undriven Pin</message>
    <detail>Unconnected top level output port TOPLEVEL:TP_ADCSTARTCAP</detail>
    <crossprobe>liberoaction://cross_probe/smartdesign/TOPLEVEL/pins/TOPLEVEL:TP_ADCSTARTCAP</crossprobe>
  </drc>
  <drc>
    <status>C:\Microsemi\Libero_v11.2\Designer/data/drcreport\error.png</status>
    <StatusMessage>Error</StatusMessage>
    <message>Undriven Pin</message>
    <detail>Unconnected input pin led</detail>
    <crossprobe>liberoaction://cross_probe/smartdesign/TOPLEVEL/pins/TOPLEVEL:led</crossprobe>
  </drc>
  <drc>
    <status>C:\Microsemi\Libero_v11.2\Designer/data/drcreport\warn.png</status>
    <StatusMessage>Warning</StatusMessage>
    <message>Unconnected Bus Interface</message>
    <detail>Unconnected bus interface pin CoreAPB3_0:APBmslave0</detail>
    <crossprobe>liberoaction://cross_probe/smartdesign/TOPLEVEL/pins/CoreAPB3_0:APBmslave0</crossprobe>
  </drc>
  <drc>
    <status>C:\Microsemi\Libero_v11.2\Designer/data/drcreport\error.png</status>
    <StatusMessage>Error</StatusMessage>
    <message>Missing Core Definition</message>
    <detail>Core '::: ' is missing from the vault.</detail>
    <crossprobe>liberoaction://cross_probe/smartdesign/TOPLEVEL/instances/imager_0</crossprobe>
  </drc>
  <drc>
    <status>C:\Microsemi\Libero_v11.2\Designer/data/drcreport\error.png</status>
    <StatusMessage>Error</StatusMessage>
    <message>Unused Instance</message>
    <detail>imager_0 output pins are not being used.  Connect or mark them unused</detail>
    <crossprobe>liberoaction://cross_probe/smartdesign/TOPLEVEL/instances/imager_0</crossprobe>
  </drc>
  <drc>
    <status>C:\Microsemi\Libero_v11.2\Designer/data/drcreport\error.png</status>
    <StatusMessage>Error</StatusMessage>
    <message>Undriven Pin</message>
    <detail>Unconnected input pin imager_0:PSEL</detail>
    <crossprobe>liberoaction://cross_probe/smartdesign/TOPLEVEL/pins/imager_0:PSEL</crossprobe>
  </drc>
  <drc>
    <status>C:\Microsemi\Libero_v11.2\Designer/data/drcreport\error.png</status>
    <StatusMessage>Error</StatusMessage>
    <message>Undriven Pin</message>
    <detail>Unconnected input pin imager_0:PENABLE</detail>
    <crossprobe>liberoaction://cross_probe/smartdesign/TOPLEVEL/pins/imager_0:PENABLE</crossprobe>
  </drc>
  <drc>
    <status>C:\Microsemi\Libero_v11.2\Designer/data/drcreport\error.png</status>
    <StatusMessage>Error</StatusMessage>
    <message>Undriven Pin</message>
    <detail>Unconnected input pin imager_0:PWRITE</detail>
    <crossprobe>liberoaction://cross_probe/smartdesign/TOPLEVEL/pins/imager_0:PWRITE</crossprobe>
  </drc>
  <drc>
    <status>C:\Microsemi\Libero_v11.2\Designer/data/drcreport\error.png</status>
    <StatusMessage>Error</StatusMessage>
    <message>Undriven Pin</message>
    <detail>Unconnected input pin imager_0:PADDR[31:0]</detail>
    <crossprobe>liberoaction://cross_probe/smartdesign/TOPLEVEL/pins/imager_0:PADDR</crossprobe>
  </drc>
  <drc>
    <status>C:\Microsemi\Libero_v11.2\Designer/data/drcreport\error.png</status>
    <StatusMessage>Error</StatusMessage>
    <message>Undriven Pin</message>
    <detail>Unconnected input pin imager_0:PWDATA[31:0]</detail>
    <crossprobe>liberoaction://cross_probe/smartdesign/TOPLEVEL/pins/imager_0:PWDATA</crossprobe>
  </drc>
  <drc>
    <status>C:\Microsemi\Libero_v11.2\Designer/data/drcreport\warn.png</status>
    <StatusMessage>Warning</StatusMessage>
    <message>Floating Driver</message>
    <detail>Floating output pin imager_0:PREADY</detail>
    <crossprobe>liberoaction://cross_probe/smartdesign/TOPLEVEL/pins/imager_0:PREADY</crossprobe>
  </drc>
  <drc>
    <status>C:\Microsemi\Libero_v11.2\Designer/data/drcreport\warn.png</status>
    <StatusMessage>Warning</StatusMessage>
    <message>Floating Driver</message>
    <detail>Floating output bus pin imager_0:PRDATA[31:0]</detail>
    <crossprobe>liberoaction://cross_probe/smartdesign/TOPLEVEL/pins/imager_0:PRDATA</crossprobe>
  </drc>
  <drc>
    <status>C:\Microsemi\Libero_v11.2\Designer/data/drcreport\warn.png</status>
    <StatusMessage>Warning</StatusMessage>
    <message>Floating Driver</message>
    <detail>Floating output pin imager_0:PSLVERR</detail>
    <crossprobe>liberoaction://cross_probe/smartdesign/TOPLEVEL/pins/imager_0:PSLVERR</crossprobe>
  </drc>
  <drc>
    <status>C:\Microsemi\Libero_v11.2\Designer/data/drcreport\error.png</status>
    <StatusMessage>Error</StatusMessage>
    <message>Undriven Pin</message>
    <detail>Unconnected input pin imager_0:cam0_sdata</detail>
    <crossprobe>liberoaction://cross_probe/smartdesign/TOPLEVEL/pins/imager_0:cam0_sdata</crossprobe>
  </drc>
  <drc>
    <status>C:\Microsemi\Libero_v11.2\Designer/data/drcreport\warn.png</status>
    <StatusMessage>Warning</StatusMessage>
    <message>Floating Driver</message>
    <detail>Floating output pin imager_0:cam0_sclk</detail>
    <crossprobe>liberoaction://cross_probe/smartdesign/TOPLEVEL/pins/imager_0:cam0_sclk</crossprobe>
  </drc>
  <drc>
    <status>C:\Microsemi\Libero_v11.2\Designer/data/drcreport\warn.png</status>
    <StatusMessage>Warning</StatusMessage>
    <message>Floating Driver</message>
    <detail>Floating output pin imager_0:cam0_cs_n</detail>
    <crossprobe>liberoaction://cross_probe/smartdesign/TOPLEVEL/pins/imager_0:cam0_cs_n</crossprobe>
  </drc>
  <drc>
    <status>C:\Microsemi\Libero_v11.2\Designer/data/drcreport\warn.png</status>
    <StatusMessage>Warning</StatusMessage>
    <message>Floating Driver</message>
    <detail>Floating output pin imager_0:cam0_resp</detail>
    <crossprobe>liberoaction://cross_probe/smartdesign/TOPLEVEL/pins/imager_0:cam0_resp</crossprobe>
  </drc>
  <drc>
    <status>C:\Microsemi\Libero_v11.2\Designer/data/drcreport\warn.png</status>
    <StatusMessage>Warning</StatusMessage>
    <message>Floating Driver</message>
    <detail>Floating output pin imager_0:cam0_incp</detail>
    <crossprobe>liberoaction://cross_probe/smartdesign/TOPLEVEL/pins/imager_0:cam0_incp</crossprobe>
  </drc>
  <drc>
    <status>C:\Microsemi\Libero_v11.2\Designer/data/drcreport\warn.png</status>
    <StatusMessage>Warning</StatusMessage>
    <message>Floating Driver</message>
    <detail>Floating output pin imager_0:cam0_resv</detail>
    <crossprobe>liberoaction://cross_probe/smartdesign/TOPLEVEL/pins/imager_0:cam0_resv</crossprobe>
  </drc>
  <drc>
    <status>C:\Microsemi\Libero_v11.2\Designer/data/drcreport\warn.png</status>
    <StatusMessage>Warning</StatusMessage>
    <message>Floating Driver</message>
    <detail>Floating output pin imager_0:cam0_incv</detail>
    <crossprobe>liberoaction://cross_probe/smartdesign/TOPLEVEL/pins/imager_0:cam0_incv</crossprobe>
  </drc>
  <drc>
    <status>C:\Microsemi\Libero_v11.2\Designer/data/drcreport\warn.png</status>
    <StatusMessage>Warning</StatusMessage>
    <message>Floating Driver</message>
    <detail>Floating output pin imager_0:cam0_inphi</detail>
    <crossprobe>liberoaction://cross_probe/smartdesign/TOPLEVEL/pins/imager_0:cam0_inphi</crossprobe>
  </drc>
  <drc>
    <status>C:\Microsemi\Libero_v11.2\Designer/data/drcreport\warn.png</status>
    <StatusMessage>Warning</StatusMessage>
    <message>Floating Driver</message>
    <detail>Floating output pin imager_0:cam0_fifo_afull</detail>
    <crossprobe>liberoaction://cross_probe/smartdesign/TOPLEVEL/pins/imager_0:cam0_fifo_afull</crossprobe>
  </drc>
  <drc>
    <status>C:\Microsemi\Libero_v11.2\Designer/data/drcreport\warn.png</status>
    <StatusMessage>Warning</StatusMessage>
    <message>Floating Driver</message>
    <detail>Floating output pin imager_0:cam0_frame_capture_done</detail>
    <crossprobe>liberoaction://cross_probe/smartdesign/TOPLEVEL/pins/imager_0:cam0_frame_capture_done</crossprobe>
  </drc>
  <drc>
    <status>C:\Microsemi\Libero_v11.2\Designer/data/drcreport\warn.png</status>
    <StatusMessage>Warning</StatusMessage>
    <message>Floating Driver</message>
    <detail>Floating output pin imager_0:cam0_adc_capture_start</detail>
    <crossprobe>liberoaction://cross_probe/smartdesign/TOPLEVEL/pins/imager_0:cam0_adc_capture_start</crossprobe>
  </drc>
  <drc>
    <status>C:\Microsemi\Libero_v11.2\Designer/data/drcreport\warn.png</status>
    <StatusMessage>Warning</StatusMessage>
    <message>Floating Driver</message>
    <detail>Floating output pin imager_0:cam0_adc_capture_done</detail>
    <crossprobe>liberoaction://cross_probe/smartdesign/TOPLEVEL/pins/imager_0:cam0_adc_capture_done</crossprobe>
  </drc>
  <drc>
    <status>C:\Microsemi\Libero_v11.2\Designer/data/drcreport\warn.png</status>
    <StatusMessage>Warning</StatusMessage>
    <message>Floating Driver</message>
    <detail>Floating output pin imager_0:cam0_fifo_empty</detail>
    <crossprobe>liberoaction://cross_probe/smartdesign/TOPLEVEL/pins/imager_0:cam0_fifo_empty</crossprobe>
  </drc>
  <drc>
    <status>C:\Microsemi\Libero_v11.2\Designer/data/drcreport\warn.png</status>
    <StatusMessage>Warning</StatusMessage>
    <message>Floating Driver</message>
    <detail>Floating output pin imager_0:cam0_fifo_full</detail>
    <crossprobe>liberoaction://cross_probe/smartdesign/TOPLEVEL/pins/imager_0:cam0_fifo_full</crossprobe>
  </drc>
  <drc>
    <status>C:\Microsemi\Libero_v11.2\Designer/data/drcreport\warn.png</status>
    <StatusMessage>Warning</StatusMessage>
    <message>Floating Driver</message>
    <detail>Floating output pin imager_0:cam0_fifo_overflow</detail>
    <crossprobe>liberoaction://cross_probe/smartdesign/TOPLEVEL/pins/imager_0:cam0_fifo_overflow</crossprobe>
  </drc>
  <drc>
    <status>C:\Microsemi\Libero_v11.2\Designer/data/drcreport\warn.png</status>
    <StatusMessage>Warning</StatusMessage>
    <message>Floating Driver</message>
    <detail>Floating output pin imager_0:capture_requested</detail>
    <crossprobe>liberoaction://cross_probe/smartdesign/TOPLEVEL/pins/imager_0:capture_requested</crossprobe>
  </drc>
  <drc>
    <status>C:\Microsemi\Libero_v11.2\Designer/data/drcreport\warn.png</status>
    <StatusMessage>Warning</StatusMessage>
    <message>Floating Driver</message>
    <detail>Floating output bus pin imager_0:adc_state[2:0]</detail>
    <crossprobe>liberoaction://cross_probe/smartdesign/TOPLEVEL/pins/imager_0:adc_state</crossprobe>
  </drc>
  <drc>
    <status>C:\Microsemi\Libero_v11.2\Designer/data/drcreport\error.png</status>
    <StatusMessage>Error</StatusMessage>
    <message>Undriven Pin</message>
    <detail>Unconnected input pin MSS_CORE3_MSS_0:F2M_GPI_1</detail>
    <crossprobe>liberoaction://cross_probe/smartdesign/TOPLEVEL/pins/MSS_CORE3_MSS_0:F2M_GPI_1</crossprobe>
  </drc>
  <drc>
    <status>C:\Microsemi\Libero_v11.2\Designer/data/drcreport\error.png</status>
    <StatusMessage>Error</StatusMessage>
    <message>Undriven Pin</message>
    <detail>Unconnected input pin MSS_CORE3_MSS_0:F2M_GPI_0</detail>
    <crossprobe>liberoaction://cross_probe/smartdesign/TOPLEVEL/pins/MSS_CORE3_MSS_0:F2M_GPI_0</crossprobe>
  </drc>
</drcreport>
